ШТРАФЫ ФФ · САНЫЧ + AIR + ХОЗЯЮШКА,,,,,,,,,,,,,,,,
Период,46287,—,46300,Обновляется автоматически из WB — штрафы 3 магазина,,,,,,,,,,,,
Фулфилмент: статус / комментарий / компенсация заполняются вручную. Остальное — авто.,,,,,,,,,,,,,,,,
Магазин,Дата штрафа,Причина / категория,Артикул продавца,Артикул WB,"Сумма штрафа, ₽",Стикер МП,Что было заказано,Что пришло,Фото 1,Фото 2,Фото 3,Фото 4,Фото 5,Order ID,Report ID,RRD ID
Хозяюшка,46289,Штраф МП. Невыполненный заказ (отмена продавцом),ведро пласт с крышкой 5л 5 шт,1497431370,"1291,68",54642283243,ведро пласт с крышкой 5л 5 шт,,,,,,,5725269048,25017326820260924,3135373011145
Хозяюшка,46289,Штраф за нарушение срока передачи товара,ведро пласт с крышкой 3л 1 шт,1497431792,"48,46",58089236619,ведро пласт с крышкой 3л 1 шт,,,,,,,5793102749,25017326820260924,3135373011144
Хозяюшка,46289,Штраф за нарушение срока передачи товара,ведро пласт с крышкой 3л 1 шт,1497431792,"50,75",58088066903,ведро пласт с крышкой 3л 1 шт,,,,,,,5792542389,25017326820260924,3135373011143
Хозяюшка,46289,Штраф за нарушение срока передачи товара,ведро пласт с крышкой 5л 1 шт,1497431368,"50,11",58111976632,ведро пласт с крышкой 5л 1 шт,,,,,,,5795788680,25017326820260924,3135373011142
Хозяюшка,46289,Штраф за нарушение срока передачи товара,ведро пласт с крышкой 5л 1 шт,1497431368,"39,56",58115552413,ведро пласт с крышкой 5л 1 шт,,,,,,,5797451429,25017326820260924,3135373011141
Хозяюшка,46289,Штраф за нарушение срока передачи товара,ведро пласт с крышкой 5л 1 шт,1497431368,"62,30",58092403412,ведро пласт с крышкой 5л 1 шт,,,,,,,5793781170,25017326820260924,3135373011140
Хозяюшка,46289,Штраф МП. Невыполненный заказ (отмена продавцом),ведро пласт с крышкой 5л 5 шт,1497431370,"1291,68",57803316808,ведро пласт с крышкой 5л 5 шт,,,,,,,5722990269,25017326820260924,3135373011139
Хозяюшка,46289,Штраф МП. Невыполненный заказ (отмена продавцом),ведро пласт с крышкой 5л 5 шт,1497431370,"1291,68",57802490146,ведро пласт с крышкой 5л 5 шт,,,,,,,5722506419,25017326820260924,3135373011138
Хозяюшка,46289,Штраф за нарушение срока передачи товара,ведро пласт с крышкой 8л 1шт,1515683460,"21,25",58095268525,ведро пласт с крышкой 8л 1шт,,,,,,,5794157329,25017326820260924,3135373011136
Хозяюшка,46289,Штраф за нарушение срока передачи товара,ведро пласт с крышкой 5л 5 шт,1497431370,"44,46",58104322235,ведро пласт с крышкой 5л 5 шт,,,,,,,5794412217,25017326820260924,3135373011135
Хозяюшка,46289,Штраф за нарушение срока передачи товара,ведро пласт с крышкой 3л 10шт,1497432058,"24,29",58112686427,ведро пласт с крышкой 3л 10шт,,,,,,,5796483772,25017326820260924,3135373011134
Хозяюшка,46289,Штраф за нарушение срока передачи товара,таз пу 60 л - 3 шт,1504009611,"1268,32",57937352903,таз пу 60 л - 3 шт,,,,,,,5755771121,25017326820260924,3135373011133
Хозяюшка,46289,Штраф за нарушение срока передачи товара,ведро пласт с крышкой 3л 5шт,1497431960,"243,77",58050979419,ведро пласт с крышкой 3л 5шт,,,,,,,5778665928,25017326820260924,3135373011132
Хозяюшка,46289,Штраф за нарушение срока передачи товара,таз пу 90 л 5 шт,1536216780,"345,91",58080598509,таз пу 90 л 5 шт,,,,,,,5791488031,25017326820260924,3135373011131
Хозяюшка,46289,Штраф за нарушение срока передачи товара,ведро пласт с крышкой 5л 3 шт,1497431369,"46,67",58089213610,ведро пласт с крышкой 5л 3 шт,,,,,,,5793079410,25017326820260924,3135373011130
Хозяюшка,46289,Штраф за нарушение срока передачи товара,цемент 15 кг + 60 л таз,1522843293,"140,23",58086938054,цемент 15 кг + 60 л таз,,,,,,,5791409642,25017326820260924,3135373011129
Хозяюшка,46289,Штраф за нарушение срока передачи товара,ведро пласт с крышкой 3 л 3 шт,1523199952,"18,46",58111589203,ведро пласт с крышкой 3 л 3 шт,,,,,,,5795382997,25017326820260924,3135373011128
Хозяюшка,46289,Штраф за нарушение срока передачи товара,ведро пласт с крышкой 8л 1шт,1515683460,"13,56",58111394877,ведро пласт с крышкой 8л 1шт,,,,,,,5795186412,25017326820260924,3135373011127
Хозяюшка,46289,Штраф за нарушение срока передачи товара,ведро пласт с крышкой 3л 5шт,1497431960,"86,72",58085663260,ведро пласт с крышкой 3л 5шт,,,,,,,5790670837,25017326820260924,3135373011126
Хозяюшка,46289,Штраф за нарушение срока передачи товара,ведро пласт с крышкой 3л 10шт,1497432058,"24,29",58112686418,ведро пласт с крышкой 3л 10шт,,,,,,,5796483768,25017326820260924,3135373011125
Хозяюшка,46289,Штраф за нарушение срока передачи товара,таз пу 60 л - 1 шт,1504009609,"100,06",58086908012,таз пу 60 л - 1 шт,,,,,,,5791379615,25017326820260924,3135373011124
Хозяюшка,46289,Штраф за нарушение срока передачи товара,ведро пласт с крышкой 3л 10шт,1497432058,"19,31",58115018490,ведро пласт с крышкой 3л 10шт,,,,,,,5796915545,25017326820260924,3135373011123
Хозяюшка,46289,Штраф за нарушение срока передачи товара,ведро пласт с крышкой 3 л 3 шт,1523199952,"47,85",58087599458,ведро пласт с крышкой 3 л 3 шт,,,,,,,5792092585,25017326820260924,3135373011122
Хозяюшка,46289,Штраф за нарушение срока передачи товара,ведро пласт с крышкой 3л 5шт,1497431960,"3,67",57887917563,ведро пласт с крышкой 3л 5шт,,,,,,,5797865330,25017326820260924,3135373011121
Хозяюшка,46289,Штраф за нарушение срока передачи товара,цемент 15 кг + 60 л таз,1522843293,"353,17",58055710628,цемент 15 кг + 60 л таз,,,,,,,5782209665,25017326820260924,3135373011120
Хозяюшка,46289,Штраф за нарушение срока передачи товара,таз пу 40 л,1504009605,"438,42",57940954437,таз пу 40 л,,,,,,,5760112622,25017326820260924,3135373011119
Хозяюшка,46289,Штраф за нарушение срока передачи товара,ведро пласт с крышкой 10л 1 шт,1497431550,"35,42",58087959047,ведро пласт с крышкой 10л 1 шт,,,,,,,5792433580,25017326820260924,3135373011118
Хозяюшка,46289,Штраф за нарушение срока передачи товара,таз пу 40 л,1504009605,"187,27",58053834387,таз пу 40 л,,,,,,,5780320661,25017326820260924,3135373011117
Хозяюшка,46289,Штраф за нарушение срока передачи товара,ведро пласт с крышкой 10л 1 шт,1497431550,"32,74",58088361309,ведро пласт с крышкой 10л 1 шт,,,,,,,5792837531,25017326820260924,3135373011116
Хозяюшка,46289,Штраф за нарушение срока передачи товара,ведро пласт с крышкой 3 л 3 шт,1523199952,"47,79",58087599462,ведро пласт с крышкой 3 л 3 шт,,,,,,,5792092586,25017326820260924,3135373011115
Хозяюшка,46289,Штраф за нарушение срока передачи товара,ведро пласт с крышкой 10л 1 шт,1497431550,"34,95",58088205790,ведро пласт с крышкой 10л 1 шт,,,,,,,5792683174,25017326820260924,3135373011114
Хозяюшка,46289,Штраф за нарушение срока передачи товара,таз пу 90 л 5 шт,1536216780,"932,10",58054622835,таз пу 90 л 5 шт,,,,,,,5781128385,25017326820260924,3135373011113
Хозяюшка,46289,Штраф за нарушение срока передачи товара,таз пу 40 л,1504009605,"199,23",58052292499,таз пу 40 л,,,,,,,5779312449,25017326820260924,3135373011112
Хозяюшка,46289,Штраф за нарушение срока передачи товара,ведро пласт с крышкой 5л 3 шт,1497431369,"22,00",58111703360,ведро пласт с крышкой 5л 3 шт,,,,,,,5795496977,25017326820260924,3135373011111
Хозяюшка,46289,Штраф за нарушение срока передачи товара,ведро пласт с крышкой 3 л 3 шт,1523199952,"9,44",58114626963,ведро пласт с крышкой 3 л 3 шт,,,,,,,5796523386,25017326820260924,3135373011110
Хозяюшка,46289,Штраф за нарушение срока передачи товара,таз пу 60 л - 3 шт,1504009611,"710,57",58005696297,таз пу 60 л - 3 шт,,,,,,,5772811053,25017326820260924,3135373011109
Хозяюшка,46289,Штраф за нарушение срока передачи товара,таз круг 60 л 3 шт,1536283434,"450,29",58054525470,таз круг 60 л 3 шт,,,,,,,5781022768,25017326820260924,3135373011108
Хозяюшка,46289,Штраф за нарушение срока передачи товара,таз пу 40 л,1504009605,"329,59",58000134061,таз пу 40 л,,,,,,,5768875184,25017326820260924,3135373011107
Хозяюшка,46289,Штраф за нарушение срока передачи товара,ведро пласт с крышкой 3 л 3 шт,1523199952,"48,25",58087605421,ведро пласт с крышкой 3 л 3 шт,,,,,,,5792098733,25017326820260924,3135373011106
Хозяюшка,46289,Штраф за нарушение срока передачи товара,ведро пласт с крышкой 3л 5шт,1497431960,"187,64",58055723988,ведро пласт с крышкой 3л 5шт,,,,,,,5782222686,25017326820260924,3135373011105
Хозяюшка,46289,Штраф за нарушение срока передачи товара,ведро пласт с крышкой 5л 3 шт,1497431369,"30,96",58111161029,ведро пласт с крышкой 5л 3 шт,,,,,,,5794951696,25017326820260924,3135373011104
Хозяюшка,46289,Штраф за нарушение срока передачи товара,таз пу 90 л 5 шт,1536216780,"1763,09",57999881664,таз пу 90 л 5 шт,,,,,,,5768622742,25017326820260924,3135373011103
Хозяюшка,46289,Штраф за нарушение срока передачи товара,цемент - 2 кг,1508796597,"48,00",58076426789,цемент - 2 кг,,,,,,,5783316582,25017326820260924,3135373011102
Хозяюшка,46289,Штраф за нарушение срока передачи товара,ведро пласт с крышкой 5л 5 шт,1497431370,"8,80",58115534543,ведро пласт с крышкой 5л 5 шт,,,,,,,5797432777,25017326820260924,3135373011101
Хозяюшка,46289,Штраф за нарушение срока передачи товара,таз пу 40 л,1504009605,"66,74",58086979339,таз пу 40 л,,,,,,,5791449556,25017326820260924,3135373011100
Хозяюшка,46289,Штраф за нарушение срока передачи товара,таз пу 40 л,1504009605,"303,02",58002739335,таз пу 40 л,,,,,,,5770973088,25017326820260924,3135373011099
Хозяюшка,46289,Штраф за нарушение срока передачи товара,цемент 2 кг+ 40 л таз,1522843290,"62,40",58087316671,цемент 2 кг+ 40 л таз,,,,,,,5791791699,25017326820260924,3135373011098
Хозяюшка,46289,Штраф за нарушение срока передачи товара,ведро пласт с крышкой 3л 5шт,1497431960,"29,80",58111160324,ведро пласт с крышкой 3л 5шт,,,,,,,5794951024,25017326820260924,3135373011097
Хозяюшка,46289,Штраф за нарушение срока передачи товара,таз пу 40 л,1504009605,"154,08",58077650660,таз пу 40 л,,,,,,,5783911442,25017326820260924,3135373011096
Хозяюшка,46289,Штраф за нарушение срока передачи товара,таз пу 90 л,1504009612,"846,20",57887467563,таз пу 90 л,,,,,,,5761974421,25017326820260924,3135373011095
Хозяюшка,46289,Штраф за нарушение срока передачи товара,ведро пласт с крышкой 3л 5шт,1497431960,"17,24",58112272354,ведро пласт с крышкой 3л 5шт,,,,,,,5796068186,25017326820260924,3135373011094
Хозяюшка,46289,Штраф за нарушение срока передачи товара,таз пу 90 л 5 шт,1536216780,"1922,76",57998253949,таз пу 90 л 5 шт,,,,,,,5767069142,25017326820260924,3135373011093
Хозяюшка,46289,Штраф за нарушение срока передачи товара,ведро пласт с крышкой 8л 1шт,1515683460,"12,42",58112003571,ведро пласт с крышкой 8л 1шт,,,,,,,5795684454,25017326820260924,3135373011092
Хозяюшка,46289,Штраф за нарушение срока передачи товара,ведро пласт с крышкой 3л 5шт,1497431960,"0,14",57888577184,ведро пласт с крышкой 3л 5шт,,,,,,,5798215710,25017326820260924,3135373011091
Хозяюшка,46289,Штраф за нарушение срока передачи товара,таз пу 40 л - 3 шт,1504009607,"1224,74",57933582001,таз пу 40 л - 3 шт,,,,,,,5752572344,25017326820260924,3135373011090
Хозяюшка,46289,Штраф за нарушение срока передачи товара,таз пу 60 л - 3 шт,1504009611,"9,95",58115585821,таз пу 60 л - 3 шт,,,,,,,5797485005,25017326820260924,3135373011089
Хозяюшка,46289,Штраф за нарушение срока передачи товара,цемент - 5 кг,1508796598,"57,79",58081876101,цемент - 5 кг,,,,,,,5786386973,25017326820260924,3135373011088
Хозяюшка,46289,Штраф за нарушение срока передачи товара,цемент - 5 кг,1508796598,"64,10",58080568358,цемент - 5 кг,,,,,,,5785073279,25017326820260924,3135373011087
Хозяюшка,46289,Штраф за нарушение срока передачи товара,цемент - 5 кг,1508796598,"68,93",58077656512,цемент - 5 кг,,,,,,,5784008467,25017326820260924,3135373011086
Хозяюшка,46289,Штраф за нарушение срока передачи товара,ведро пласт с крышкой 10л 1 шт,1497431550,"31,48",58087576924,ведро пласт с крышкой 10л 1 шт,,,,,,,5792069964,25017326820260924,3135373011085
Хозяюшка,46289,Штраф за нарушение срока передачи товара,цемент - 10 кг,1508796599,"64,86",58085115642,цемент - 10 кг,,,,,,,5789867953,25017326820260924,3135373011084
Хозяюшка,46289,Штраф за нарушение срока передачи товара,цемент - 10 кг,1508796599,"105,26",58076546588,цемент - 10 кг,,,,,,,5783440102,25017326820260924,3135373011083
Хозяюшка,46289,Штраф за нарушение срока передачи товара,цемент - 5 кг,1508796598,"7,12",58111667148,цемент - 5 кг,,,,,,,5795461332,25017326820260924,3135373011082
Хозяюшка,46289,Штраф за нарушение срока передачи товара,цемент - 25 кг,1515370149,"153,13",58085013677,цемент - 25 кг,,,,,,,5789735553,25017326820260924,3135373011081
Хозяюшка,46289,Штраф за нарушение срока передачи товара,ведро пласт с крышкой 8л 1шт,1515683460,"12,58",58110473569,ведро пласт с крышкой 8л 1шт,,,,,,,5794883302,25017326820260924,3135373011080
Хозяюшка,46289,Штраф за нарушение срока передачи товара,ведро пласт с крышкой 8л 1шт,1515683460,"12,50",58110473584,ведро пласт с крышкой 8л 1шт,,,,,,,5794883297,25017326820260924,3135373011079
Хозяюшка,46289,Штраф за нарушение срока передачи товара,цемент - 10 кг,1508796599,"47,27",58085888177,цемент - 10 кг,,,,,,,5790897080,25017326820260924,3135373011078
Хозяюшка,46289,Штраф за нарушение срока передачи товара,цемент - 5 кг,1508796598,"12,58",58104189364,цемент - 5 кг,,,,,,,5794279883,25017326820260924,3135373011077
Хозяюшка,46289,Штраф за нарушение срока передачи товара,цемент - 5 кг,1508796598,"13,19",58095231288,цемент - 5 кг,,,,,,,5794120294,25017326820260924,3135373011076
Хозяюшка,46289,Штраф за нарушение срока передачи товара,цемент - 5 кг,1508796598,"74,66",58064738785,цемент - 5 кг,,,,,,,5782640036,25017326820260924,3135373011075
Хозяюшка,46289,Штраф за нарушение срока передачи товара,цемент - 10 кг,1508796599,"103,00",58077530858,цемент - 10 кг,,,,,,,5783891905,25017326820260924,3135373011074
Хозяюшка,46289,Штраф за нарушение срока передачи товара,цемент - 10 кг,1508796599,"2,56",58115246211,цемент - 10 кг,,,,,,,5797141759,25017326820260924,3135373011073
Хозяюшка,46289,Штраф за нарушение срока передачи товара,цемент - 10 кг,1508796599,"56,56",58085381352,цемент - 10 кг,,,,,,,5790376105,25017326820260924,3135373011072
Хозяюшка,46289,Штраф за нарушение срока передачи товара,цемент - 5 кг,1508796598,"61,91",58080966230,цемент - 5 кг,,,,,,,5785456717,25017326820260924,3135373011071
Хозяюшка,46289,Штраф за нарушение срока передачи товара,цемент - 10 кг,1508796599,"86,74",58081816376,цемент - 10 кг,,,,,,,5786328782,25017326820260924,3135373011070
Хозяюшка,46289,Штраф за нарушение срока передачи товара,ведро пласт с крышкой 5 л 10 шт,1523190487,"21,63",58112686469,ведро пласт с крышкой 5 л 10 шт,,,,,,,5796483773,25017326820260924,3135373011069
Хозяюшка,46289,Штраф за нарушение срока передачи товара,цемент - 25 кг,1515370149,"18,27",58112221570,цемент - 25 кг,,,,,,,5796017105,25017326820260924,3135373011068
Хозяюшка,46289,Штраф за нарушение срока передачи товара,ведро пласт с крышкой 5 л 10 шт,1523190487,"21,12",58112686415,ведро пласт с крышкой 5 л 10 шт,,,,,,,5796483767,25017326820260924,3135373011067
Хозяюшка,46289,Штраф за нарушение срока передачи товара,цемент - 10 кг,1508796599,"7,44",58112331695,цемент - 10 кг,,,,,,,5796127425,25017326820260924,3135373011066
Хозяюшка,46289,Штраф за нарушение срока передачи товара,таз пу 60 л - 1 шт,1504009609,"93,62",58086908019,таз пу 60 л - 1 шт,,,,,,,5791379616,25017326820260924,3135373011065
Хозяюшка,46289,Штраф за нарушение срока передачи товара,цемент - 25 кг,1515370149,"236,60",58076725372,цемент - 25 кг,,,,,,,5783618284,25017326820260924,3135373011064
Хозяюшка,46289,Штраф за нарушение срока передачи товара,цемент - 25 кг,1515370149,"236,73",58076721792,цемент - 25 кг,,,,,,,5783614763,25017326820260924,3135373011063
Хозяюшка,46289,Штраф за нарушение срока передачи товара,цемент - 10 кг,1508796599,"95,45",58079180731,цемент - 10 кг,,,,,,,5784984613,25017326820260924,3135373011062
Хозяюшка,46289,Штраф за нарушение срока передачи товара,цемент - 10 кг,1508796599,"81,98",58083722964,цемент - 10 кг,,,,,,,5787062157,25017326820260924,3135373011061
Хозяюшка,46289,Штраф за нарушение срока передачи товара,цемент - 5 кг,1508796598,"70,34",58076714294,цемент - 5 кг,,,,,,,5783607544,25017326820260924,3135373011060
Хозяюшка,46289,Штраф за нарушение срока передачи товара,цемент - 5 кг,1508796598,"12,46",58104216644,цемент - 5 кг,,,,,,,5794307808,25017326820260924,3135373011059
Хозяюшка,46289,Штраф за нарушение срока передачи товара,цемент - 5 кг,1508796598,"5,39",58112209992,цемент - 5 кг,,,,,,,5796005518,25017326820260924,3135373011058
Хозяюшка,46289,Штраф за нарушение срока передачи товара,цемент - 5 кг,1508796598,"7,80",58111459254,цемент - 5 кг,,,,,,,5795250894,25017326820260924,3135373011057
Хозяюшка,46289,Штраф за нарушение срока передачи товара,цемент - 5 кг,1508796598,"7,80",58111459267,цемент - 5 кг,,,,,,,5795250895,25017326820260924,3135373011056
Хозяюшка,46289,Штраф за нарушение срока передачи товара,цемент - 5 кг,1508796598,"67,67",58077950057,цемент - 5 кг,,,,,,,5784317291,25017326820260924,3135373011055
Хозяюшка,46289,Штраф за нарушение срока передачи товара,цемент - 10 кг,1508796599,"90,46",58081029714,цемент - 10 кг,,,,,,,5785521942,25017326820260924,3135373011054
Хозяюшка,46289,Штраф за нарушение срока передачи товара,ведро пласт с крышкой 10л 1 шт,1497431550,"22,69",58104189000,ведро пласт с крышкой 10л 1 шт,,,,,,,5794279521,25017326820260924,3135373011053
Хозяюшка,46289,Штраф за нарушение срока передачи товара,ведро пласт с крышкой 5л 5 шт,1497431370,"27,40",58111160327,ведро пласт с крышкой 5л 5 шт,,,,,,,5794951030,25017326820260924,3135373011052
Хозяюшка,46289,Штраф МП. Невыполненный заказ (отмена продавцом),ведро пласт с крышкой 5л 5 шт,1497431370,"1291,68",57778241073,ведро пласт с крышкой 5л 5 шт,,,,,,,5718968387,25017326820260924,3135373011051
Хозяюшка,46289,Штраф МП. Невыполненный заказ (отправка товара отличного от заявленного),ведро пласт с крышкой 5л 3 шт,1497431369,"0,01",57780585339,ведро пласт с крышкой 5л 3 шт,,,,,,,5720009836,25017326820260924,3135373011050
Саныч,46289,Штраф за нарушение срока передачи товара,бидон 5л 1шт,1246051832,"66,98",58087587465,бидон 5л 1шт,,,,,,,5792080428,25005056320260924,3135370648527
Саныч,46289,Штраф за нарушение срока передачи товара,ведро туалет 17л сер,1515475863,"19,82",58112148110,ведро туалет 17л сер,,,,,,,5795944379,25005056320260924,3135370648522
Саныч,46289,Штраф за нарушение срока передачи товара,метла гар 1шт,1260779020,"218,78",58042667488,метла гар 1шт,,,,,,,5774951948,25005056320260924,3135370648521
Саныч,46289,Штраф за нарушение срока передачи товара,метла гар 1шт,1260779020,"244,47",58003438740,метла гар 1шт,,,,,,,5771668623,25005056320260924,3135370648520
Саныч,46289,Штраф за нарушение срока передачи товара,грабли 1шт 22зуб мет (с черенком),1275035965,"26,33",58104272637,грабли 1шт 22зуб мет (с черенком),,,,,,,5794361226,25005056320260924,3135370648519
Саныч,46289,Штраф за нарушение срока передачи товара,ведро туалет 17л сер,1515475863,"21,88",58111916494,ведро туалет 17л сер,,,,,,,5795726795,25005056320260924,3135370648518
Саныч,46289,Штраф за нарушение срока передачи товара,грабли 1шт 22зуб мет (с черенком),1275035965,"15,45",58111763408,грабли 1шт 22зуб мет (с черенком),,,,,,,5795557070,25005056320260924,3135370648517
Саныч,46289,Штраф за нарушение срока передачи товара,ведро туалет 17л сер,1515475863,"5,10",58115783489,ведро туалет 17л сер,,,,,,,5797680680,25005056320260924,3135370648516
Саныч,46289,Штраф за нарушение срока передачи товара,известь 4 кг,566189858,"27,82",58087416021,известь 4 кг,,,,,,,5791892937,25005056320260924,3135370648515
Саныч,46289,Штраф за нарушение срока передачи товара,ведро туалет 17л сер,1515475863,"31,46",58110447390,ведро туалет 17л сер,,,,,,,5794855986,25005056320260924,3135370648514
Саныч,46289,Штраф за нарушение срока передачи товара,известь 4кг,771729737,"13,85",58089060715,известь 4кг,,,,,,,5792931900,25005056320260924,3135370648513
Саныч,46289,Штраф за нарушение срока передачи товара,"лопаташтык с черенком (перч,саморез2)",1299169518,"254,33",58035759935,"лопаташтык с черенком (перч,саморез2)",,,,,,,5774642609,25005056320260924,3135370648512
Саныч,46289,Штраф за нарушение срока передачи товара,грабли 1шт 15зуб мет(перч),1266418446,"4,85",58115606686,грабли 1шт 15зуб мет(перч),,,,,,,5797504278,25005056320260924,3135370648511
Саныч,46289,Штраф за нарушение срока передачи товара,ведро туалет 17л беж,1442769822,"22,43",58111562128,ведро туалет 17л беж,,,,,,,5795356239,25005056320260924,3135370648510
Саныч,46289,Штраф за нарушение срока передачи товара,известь 4кг,771729737,"13,85",58089060709,известь 4кг,,,,,,,5792931901,25005056320260924,3135370648509
Саныч,46289,Штраф за нарушение срока передачи товара,известь 4 кг,566189858,"15,74",58092215943,известь 4 кг,,,,,,,5793593130,25005056320260924,3135370648508
Саныч,46289,Штраф за нарушение срока передачи товара,ведро 20л 1шт,1124967286,"15,77",58111197350,ведро 20л 1шт,,,,,,,5794988332,25005056320260924,3135370648507
Саныч,46289,Штраф за нарушение срока передачи товара,ведро туалет 17л сер,1515475863,"1,94",57888144858,ведро туалет 17л сер,,,,,,,5798093555,25005056320260924,3135370648506
Саныч,46289,Штраф за нарушение срока передачи товара,известь 4 кг,566189858,"0,06",58116885342,известь 4 кг,,,,,,,5798244673,25005056320260924,3135370648505
Саныч,46289,Штраф за нарушение срока передачи товара,ведро туалет 17л сер,1515475863,"12,67",58114872129,ведро туалет 17л сер,,,,,,,5796766389,25005056320260924,3135370648504
Саныч,46289,Штраф за нарушение срока передачи товара,лоток кр 12 бп,1182677932,"21,79",58111398194,лоток кр 12 бп,,,,,,,5795190774,25005056320260924,3135370648503
Саныч,46289,Штраф за нарушение срока передачи товара,лоток чер 12 бп,1223840879,"46,29",58088321416,лоток чер 12 бп,,,,,,,5792798847,25005056320260924,3135370648502
Саныч,46289,Штраф за нарушение срока передачи товара,лоток кр 30 бп,1182677952,"111,53",58087801444,лоток кр 30 бп,,,,,,,5792277190,25005056320260924,3135370648501
Саныч,46289,Штраф за нарушение срока передачи товара,грабли 1шт 22зуб мет (с черенком),1275035965,"54,40",58087462994,грабли 1шт 22зуб мет (с черенком),,,,,,,5791940103,25005056320260924,3135370648500
Саныч,46289,Штраф за нарушение срока передачи товара,известь 4 кг,566189858,"6,37",58112337151,известь 4 кг,,,,,,,5796132837,25005056320260924,3135370648499
Саныч,46289,Штраф за нарушение срока передачи товара,ведро туалет 17л сер,1515475863,"48,23",58089197272,ведро туалет 17л сер,,,,,,,5793062981,25005056320260924,3135370648498
Саныч,46289,Штраф за нарушение срока передачи товара,"лопатасовк с черенком (перч,саморез2)",1299201993,"17,13",58111667690,"лопатасовк с черенком (перч,саморез2)",,,,,,,5795461888,25005056320260924,3135370648497
Саныч,46289,Штраф за нарушение срока передачи товара,ведро туалет 17л сер,1515475863,"78,19",58087426591,ведро туалет 17л сер,,,,,,,5791904686,25005056320260924,3135370648496
Саныч,46289,Штраф за нарушение срока передачи товара,известь 4кг,771729737,"0,85",58115802599,известь 4кг,,,,,,,5797701482,25005056320260924,3135370648495
Саныч,46289,Штраф за нарушение срока передачи товара,лоток кр 30 бп н2,1194660185,"67,52",58111727457,лоток кр 30 бп н2,,,,,,,5795521131,25005056320260924,3135370648494
Саныч,46289,Штраф за нарушение срока передачи товара,известь 4 кг,566189858,"8,40",58111676238,известь 4 кг,,,,,,,5795470574,25005056320260924,3135370648493
Саныч,46289,Штраф за нарушение срока передачи товара,метла гар 1шт,1260779020,"318,91",57983929612,метла гар 1шт,,,,,,,5765444611,25005056320260924,3135370648492
Саныч,46289,Штраф за нарушение срока передачи товара,известь 4кг,771729737,"13,44",58088385339,известь 4кг,,,,,,,5792861267,25005056320260924,3135370648491
Саныч,46289,Штраф за нарушение срока передачи товара,"лопаташтык с черенком (перч,саморез2)",1299169518,"272,07",58004970987,"лопаташтык с черенком (перч,саморез2)",,,,,,,5772610465,25005056320260924,3135370648490
Саныч,46289,Штраф за нарушение срока передачи товара,известь 4кг,771729737,"9,56",58104371051,известь 4кг,,,,,,,5794462422,25005056320260924,3135370648489
Саныч,46289,Штраф за нарушение срока передачи товара,"лопаташтык с черенком (перч,саморез2)",1299169518,"246,23",58047670571,"лопаташтык с черенком (перч,саморез2)",,,,,,,5775530213,25005056320260924,3135370648488
Саныч,46289,Штраф за нарушение срока передачи товара,"лопаташтык с черенком (перч,саморез2)",1299169518,"232,58",58049712964,"лопаташтык с черенком (перч,саморез2)",,,,,,,5777118203,25005056320260924,3135370648487
Саныч,46289,Штраф за нарушение срока передачи товара,известь 4кг,771729737,"10,88",58095060930,известь 4кг,,,,,,,5793954683,25005056320260924,3135370648486
Саныч,46289,Штраф за нарушение срока передачи товара,бидон 10л 2шт,1249688169,"19,89",58111519832,бидон 10л 2шт,,,,,,,5795314179,25005056320260924,3135370648485
Саныч,46289,Штраф за нарушение срока передачи товара,бидон 10л 1шт,1249688168,"16,25",58111281960,бидон 10л 1шт,,,,,,,5795073532,25005056320260924,3135370648484
Саныч,46289,Штраф за нарушение срока передачи товара,ведро 12л 10шт,1124967281,"80,68",58089543310,ведро 12л 10шт,,,,,,,5793411274,25005056320260924,3135370648483
Саныч,46289,Штраф за нарушение срока передачи товара,известь 4 кг,566189858,"15,66",58092235531,известь 4 кг,,,,,,,5793612001,25005056320260924,3135370648482
Саныч,46289,Штраф за нарушение срока передачи товара,известь 4 кг,566189858,"18,57",58088335637,известь 4 кг,,,,,,,5792800055,25005056320260924,3135370648481
Саныч,46289,Штраф за нарушение срока передачи товара,грабли 1шт 22зуб мет (с черенком),1275035965,"15,25",58111762125,грабли 1шт 22зуб мет (с черенком),,,,,,,5795555761,25005056320260924,3135370648480
Саныч,46289,Штраф за нарушение срока передачи товара,ведро туалет 17л сер,1515475863,"14,59",58112578555,ведро туалет 17л сер,,,,,,,5796374097,25005056320260924,3135370648479
Саныч,46289,Штраф за нарушение срока передачи товара,известь 4 кг,566189858,"3,84",58115049438,известь 4 кг,,,,,,,5796947822,25005056320260924,3135370648478
Саныч,46289,Штраф за нарушение срока передачи товара,грабли 1шт 22зуб мет (с черенком),1275035965,"5,99",58115203486,грабли 1шт 22зуб мет (с черенком),,,,,,,5797099202,25005056320260924,3135370648477
Саныч,46289,Штраф за нарушение срока передачи товара,ведро туалет 17л сер,1515475863,"9,44",58115285950,ведро туалет 17л сер,,,,,,,5797184282,25005056320260924,3135370648476
Саныч,46289,Штраф за нарушение срока передачи товара,ведро туалет 17л сер,1515475863,"158,94",58082000064,ведро туалет 17л сер,,,,,,,5786511376,25005056320260924,3135370648475
Саныч,46289,Штраф за нарушение срока передачи товара,известь 4кг,771729737,"14,64",58087884645,известь 4кг,,,,,,,5792358101,25005056320260924,3135370648474
Саныч,46289,Штраф за нарушение срока передачи товара,ведро туалет 17л сер,1515475863,"31,54",58111438013,ведро туалет 17л сер,,,,,,,5795229953,25005056320260924,3135370648473
Саныч,46289,Штраф за нарушение срока передачи товара,ведро туалет 17л сер,1515475863,"43,81",58089628198,ведро туалет 17л сер,,,,,,,5793497872,25005056320260924,3135370648472
Саныч,46289,Штраф за нарушение срока передачи товара,ведро туалет 17л сер,1515475863,"44,13",58092364976,ведро туалет 17л сер,,,,,,,5793742998,25005056320260924,3135370648471
Саныч,46289,Штраф за нарушение срока передачи товара,известь 4 кг,566189858,"1,91",58115687201,известь 4 кг,,,,,,,5797599460,25005056320260924,3135370648470
Саныч,46289,Штраф за нарушение срока передачи товара,ведро туалет 17л сер,1515475863,"12,87",58114996757,ведро туалет 17л сер,,,,,,,5796894050,25005056320260924,3135370648469
Саныч,46289,Штраф за нарушение срока передачи товара,известь 4кг,771729737,"3,77",58112564693,известь 4кг,,,,,,,5796360008,25005056320260924,3135370648468
Саныч,46289,Штраф за нарушение срока передачи товара,грабли 1шт 22зуб мет (с черенком),1275035965,"26,39",58104245650,грабли 1шт 22зуб мет (с черенком),,,,,,,5794335138,25005056320260924,3135370648467
Саныч,46289,Штраф за нарушение срока передачи товара,ведро туалет 17л сер,1515475863,"14,94",58114632813,ведро туалет 17л сер,,,,,,,5796529220,25005056320260924,3135370648466
Саныч,46289,Штраф за нарушение срока передачи товара,ведро туалет 17л сер,1515475863,"40,36",58095254024,ведро туалет 17л сер,,,,,,,5794142432,25005056320260924,3135370648465
Саныч,46289,Штраф за нарушение срока передачи товара,грабли 1шт 22зуб мет (с черенком),1275035965,"28,37",58095156380,грабли 1шт 22зуб мет (с черенком),,,,,,,5794035169,25005056320260924,3135370648464
Саныч,46289,Штраф за нарушение срока передачи товара,известь 4 кг,566189858,"17,48",58089324908,известь 4 кг,,,,,,,5793190958,25005056320260924,3135370648463
Саныч,46289,Штраф за нарушение срока передачи товара,бидон 10л 1шт,1249688168,"24,88",58089424504,бидон 10л 1шт,,,,,,,5793294408,25005056320260924,3135370648462
Саныч,46289,Штраф за нарушение срока передачи товара,ведро туалет 17л сер,1515475863,"10,95",58115085710,ведро туалет 17л сер,,,,,,,5796975446,25005056320260924,3135370648461
Саныч,46289,Штраф за нарушение срока передачи товара,метла гар 1шт,1260779020,"124,10",58077957189,метла гар 1шт,,,,,,,5784324559,25005056320260924,3135370648460
Саныч,46289,Штраф за нарушение срока передачи товара,метла гар 1шт,1260779020,"280,02",57999909153,метла гар 1шт,,,,,,,5768650135,25005056320260924,3135370648459
Саныч,46289,Штраф за нарушение срока передачи товара,известь 4кг,771729737,"9,39",58110320643,известь 4кг,,,,,,,5794710652,25005056320260924,3135370648458
Саныч,46289,Штраф за нарушение срока передачи товара,"лопатасовк с черенком (перч,саморез2)",1299201993,"31,47",58095026452,"лопатасовк с черенком (перч,саморез2)",,,,,,,5793920385,25005056320260924,3135370648457
Саныч,46289,Штраф за нарушение срока передачи товара,"лопатасовк с черенком (перч,саморез2)",1299201993,"31,47",58095026447,"лопатасовк с черенком (перч,саморез2)",,,,,,,5793920383,25005056320260924,3135370648456
Саныч,46289,Штраф за нарушение срока передачи товара,метла гар 1шт,1260779020,"339,79",57952709493,метла гар 1шт,,,,,,,5762802578,25005056320260924,3135370648455
Саныч,46289,Штраф за нарушение срока передачи товара,"лопаташтык с черенком (перч,саморез2)",1299169518,"190,05",58052235834,"лопаташтык с черенком (перч,саморез2)",,,,,,,5779247785,25005056320260924,3135370648454
Саныч,46289,Штраф за нарушение срока передачи товара,известь 4кг,771729737,"10,75",58104110562,известь 4кг,,,,,,,5794200043,25005056320260924,3135370648453
Саныч,46289,Штраф за нарушение срока передачи товара,метла гар 1шт,1260779020,"297,96",57999117711,метла гар 1шт,,,,,,,5767940002,25005056320260924,3135370648452
Саныч,46289,Штраф за нарушение срока передачи товара,метла гар 1шт,1260779020,"51,06",58087609797,метла гар 1шт,,,,,,,5792102913,25005056320260924,3135370648451
Саныч,46289,Штраф за нарушение срока передачи товара,бидон 10л 1шт,1249688168,"22,63",58092392875,бидон 10л 1шт,,,,,,,5793771181,25005056320260924,3135370648450
Саныч,46289,Штраф за нарушение срока передачи товара,известь 4 кг,566189858,"20,68",58087698152,известь 4 кг,,,,,,,5792174242,25005056320260924,3135370648449
Саныч,46289,Штраф за нарушение срока передачи товара,известь 4кг,771729737,"10,72",58104110672,известь 4кг,,,,,,,5794200087,25005056320260924,3135370648448
Саныч,46289,Штраф за нарушение срока передачи товара,известь 4кг,771729737,"1,95",58115470048,известь 4кг,,,,,,,5797368802,25005056320260924,3135370648447
Саныч,46289,Штраф за нарушение срока передачи товара,известь 4кг,771729737,"5,07",58112240829,известь 4кг,,,,,,,5796036083,25005056320260924,3135370648446
Саныч,46289,Штраф за нарушение срока передачи товара,метла гар 1шт,1260779020,"51,55",58087609802,метла гар 1шт,,,,,,,5792102912,25005056320260924,3135370648445
Саныч,46289,Штраф за нарушение срока передачи товара,ведро туалет 17л сер,1515475863,"8,27",58115421938,ведро туалет 17л сер,,,,,,,5797321054,25005056320260924,3135370648444
Саныч,46289,Штраф за нарушение срока передачи товара,ведро туалет 17л сер,1515475863,"78,19",58087616501,ведро туалет 17л сер,,,,,,,5792018415,25005056320260924,3135370648443
Саныч,46289,Штраф за нарушение срока передачи товара,грабли 1шт 22зуб мет (с черенком),1275035965,"27,26",58095301251,грабли 1шт 22зуб мет (с черенком),,,,,,,5794190551,25005056320260924,3135370648442
Саныч,46289,Штраф за нарушение срока передачи товара,ведро туалет 17л сер,1515475863,"16,59",58112368904,ведро туалет 17л сер,,,,,,,5796164474,25005056320260924,3135370648441
Саныч,46289,Штраф за нарушение срока передачи товара,грабли 1шт 22зуб мет (с черенком),1275035965,"29,53",58092586729,грабли 1шт 22зуб мет (с черенком),,,,,,,5793861472,25005056320260924,3135370648440
Саныч,46289,Штраф за нарушение срока передачи товара,грабли 1шт 15зуб мет(перч),1266418446,"5,62",58115519170,грабли 1шт 15зуб мет(перч),,,,,,,5797417589,25005056320260924,3135370648439
Саныч,46289,Штраф за нарушение срока передачи товара,известь 4кг,771729737,"5,65",58111781329,известь 4кг,,,,,,,5795574300,25005056320260924,3135370648438
Саныч,46289,Штраф за нарушение срока передачи товара,"лопаташтык с черенком (перч,саморез2)",1299169518,"177,13",58053950136,"лопаташтык с черенком (перч,саморез2)",,,,,,,5780443112,25005056320260924,3135370648437
Саныч,46289,Штраф за нарушение срока передачи товара,ведро 20л 5шт,1124967288,"55,65",58104203680,ведро 20л 5шт,,,,,,,5794294617,25005056320260924,3135370648436
Саныч,46289,Штраф за нарушение срока передачи товара,метла гар 1шт,1260779020,"128,01",58077307230,метла гар 1шт,,,,,,,5783811870,25005056320260924,3135370648435
Саныч,46289,Штраф за нарушение срока передачи товара,метла гар 1шт,1260779020,"165,57",58052239484,метла гар 1шт,,,,,,,5779251240,25005056320260924,3135370648434
Саныч,46289,Штраф за нарушение срока передачи товара,грабли 1шт 22зуб мет (с черенком),1275035965,"35,40",58089135572,грабли 1шт 22зуб мет (с черенком),,,,,,,5793005439,25005056320260924,3135370648433
Саныч,46289,Штраф за нарушение срока передачи товара,известь 4кг,771729737,"8,01",58104457293,известь 4кг,,,,,,,5794548023,25005056320260924,3135370648432
Саныч,46289,Штраф за нарушение срока передачи товара,ведро оцинкованное 12 л 3шт,1240752909,"23,91",58110469053,ведро оцинкованное 12 л 3шт,,,,,,,5794878596,25005056320260924,3135370648431
Саныч,46289,Штраф за нарушение срока передачи товара,известь 10 кг,566189860,"100,07",58084407634,известь 10 кг,,,,,,,5788951417,25005056320260924,3135370648430
Саныч,46289,Штраф за нарушение срока передачи товара,известь 10 кг,566189860,"31,57",58089191944,известь 10 кг,,,,,,,5793057324,25005056320260924,3135370648429
Саныч,46289,Штраф за нарушение срока передачи товара,известь 6 кг,566189859,"17,91",58092599539,известь 6 кг,,,,,,,5793865091,25005056320260924,3135370648428
Саныч,46289,Штраф за нарушение срока передачи товара,мел 2кг,769654698,"8,66",58095139497,мел 2кг,,,,,,,5794018470,25005056320260924,3135370648427
Саныч,46289,Штраф за нарушение срока передачи товара,ведро туалет 17л сер,1515475863,"36,03",58095142556,ведро туалет 17л сер,,,,,,,5794021382,25005056320260924,3135370648426
Саныч,46289,Штраф за нарушение срока передачи товара,ведро туалет 17л сер,1515475863,"13,42",58112547485,ведро туалет 17л сер,,,,,,,5796342310,25005056320260924,3135370648425
Саныч,46289,Штраф за нарушение срока передачи товара,известь 4 кг,566189858,"8,52",58111294347,известь 4 кг,,,,,,,5795086189,25005056320260924,3135370648424
Саныч,46289,Штраф за нарушение срока передачи товара,мел 12кг,769654701,"51,56",58085997218,мел 12кг,,,,,,,5791007666,25005056320260924,3135370648423
Саныч,46289,Штраф за нарушение срока передачи товара,ведро 12л 1шт,1120558429,"17,38",58088244768,ведро 12л 1шт,,,,,,,5792720116,25005056320260924,3135370648422
Саныч,46289,Штраф за нарушение срока передачи товара,мел 2кг,769654698,"47,93",58064744692,мел 2кг,,,,,,,5782645885,25005056320260924,3135370648421
Саныч,46289,Штраф за нарушение срока передачи товара,мел 2кг,769654698,"47,65",58064744690,мел 2кг,,,,,,,5782645883,25005056320260924,3135370648420
Саныч,46289,Штраф за нарушение срока передачи товара,ведро туалет 17л сер,1515475863,"0,64",58115776503,ведро туалет 17л сер,,,,,,,5797673324,25005056320260924,3135370648419
Саныч,46289,Штраф за нарушение срока передачи товара,известь 4кг,771729737,"3,98",58112047362,известь 4кг,,,,,,,5795841712,25005056320260924,3135370648418
Саныч,46289,Штраф за нарушение срока передачи товара,ведро туалет 17л сер,1515475863,"16,38",58111766879,ведро туалет 17л сер,,,,,,,5795560314,25005056320260924,3135370648417
Саныч,46289,Штраф за нарушение срока передачи товара,известь 4кг,771729737,"13,20",58087989030,известь 4кг,,,,,,,5792464686,25005056320260924,3135370648416
Саныч,46289,Штраф за нарушение срока передачи товара,ведро туалет 17л сер,1515475863,"53,92",58087590869,ведро туалет 17л сер,,,,,,,5792083882,25005056320260924,3135370648415
Саныч,46289,Штраф за нарушение срока передачи товара,известь 6 кг,566189859,"6,61",58112183425,известь 6 кг,,,,,,,5795979178,25005056320260924,3135370648414
Саныч,46289,Штраф за нарушение срока передачи товара,известь 6 кг,566189859,"25,17",58087777772,известь 6 кг,,,,,,,5792254042,25005056320260924,3135370648413
Саныч,46289,Штраф за нарушение срока передачи товара,известь 2 кг,566189857,"8,36",58104332251,известь 2 кг,,,,,,,5794422465,25005056320260924,3135370648412
Саныч,46289,Штраф за нарушение срока передачи товара,известь 10 кг,566189860,"143,19",58070118949,известь 10 кг,,,,,,,5782706507,25005056320260924,3135370648411
Саныч,46289,Штраф за нарушение срока передачи товара,ведро туалет 17л беж,1442769822,"9,44",58112555684,ведро туалет 17л беж,,,,,,,5796350709,25005056320260924,3135370648410
Саныч,46289,Штраф за нарушение срока передачи товара,известь 4кг,771729737,"12,04",58089107822,известь 4кг,,,,,,,5792975657,25005056320260924,3135370648409
Саныч,46289,Штраф за нарушение срока передачи товара,ведро туалет 17л сер,1515475863,"29,54",58110315158,ведро туалет 17л сер,,,,,,,5794705170,25005056320260924,3135370648408
Саныч,46289,Штраф за нарушение срока передачи товара,ведро туалет 17л беж,1442769822,"29,78",58104425749,ведро туалет 17л беж,,,,,,,5794441552,25005056320260924,3135370648407
Саныч,46289,Штраф за нарушение срока передачи товара,ведро оцинкованное 15 л 3шт,1241057288,"31,04",58110395953,ведро оцинкованное 15 л 3шт,,,,,,,5794803626,25005056320260924,3135370648406
Саныч,46289,Штраф за нарушение срока передачи товара,известь 4кг,771729737,"5,27",58111495889,известь 4кг,,,,,,,5795287621,25005056320260924,3135370648405
Саныч,46289,Штраф за нарушение срока передачи товара,ведро оцинкованное 12 л 1шт,1240712757,"26,03",58088363389,ведро оцинкованное 12 л 1шт,,,,,,,5792839676,25005056320260924,3135370648404
Саныч,46289,Штраф за нарушение срока передачи товара,ведро туалет 17л сер,1515475863,"40,28",58092186658,ведро туалет 17л сер,,,,,,,5793563176,25005056320260924,3135370648403
Саныч,46289,Штраф за нарушение срока передачи товара,ведро туалет 17л сер,1515475863,"16,31",58112123654,ведро туалет 17л сер,,,,,,,5795919161,25005056320260924,3135370648402
Саныч,46289,Штраф за нарушение срока передачи товара,мел 12кг,769654701,"61,59",58085354982,мел 12кг,,,,,,,5790331487,25005056320260924,3135370648401
Саныч,46289,Штраф за нарушение срока передачи товара,ведро оцинкованное 12 л 1шт,1240712757,"26,03",58088363399,ведро оцинкованное 12 л 1шт,,,,,,,5792839677,25005056320260924,3135370648400
Саныч,46289,Штраф за нарушение срока передачи товара,известь 6 кг,566189859,"21,55",58089189738,известь 6 кг,,,,,,,5793054988,25005056320260924,3135370648399
Саныч,46289,Штраф за нарушение срока передачи товара,известь 4кг,771729737,"13,66",58087798737,известь 4кг,,,,,,,5792274486,25005056320260924,3135370648398
Саныч,46289,Штраф за нарушение срока передачи товара,ведро 12л 3шт,1124967279,"21,32",58104151309,ведро 12л 3шт,,,,,,,5794239476,25005056320260924,3135370648397
Саныч,46289,Штраф за нарушение срока передачи товара,известь 4 кг,566189858,"7,60",58111263240,известь 4 кг,,,,,,,5795055772,25005056320260924,3135370648396
Саныч,46289,Штраф за нарушение срока передачи товара,мел 12кг,769654701,"111,75",58076972490,мел 12кг,,,,,,,5783687811,25005056320260924,3135370648395
Саныч,46289,Штраф за нарушение срока передачи товара,известь 4 кг,566189858,"18,78",58087542818,известь 4 кг,,,,,,,5792034917,25005056320260924,3135370648394
Саныч,46289,Штраф за нарушение срока передачи товара,ведро туалет 17л беж,1442769822,"12,32",58112229174,ведро туалет 17л беж,,,,,,,5796024510,25005056320260924,3135370648393
Саныч,46289,Штраф за нарушение срока передачи товара,известь 6 кг,566189859,"15,86",58104217738,известь 6 кг,,,,,,,5794308909,25005056320260924,3135370648392
Саныч,46289,Штраф за нарушение срока передачи товара,известь 6 кг,566189859,"8,47",58111740716,известь 6 кг,,,,,,,5795534386,25005056320260924,3135370648391
Саныч,46289,Штраф за нарушение срока передачи товара,мел 2кг,769654698,"13,14",58087482616,мел 2кг,,,,,,,5791959059,25005056320260924,3135370648390
Саныч,46289,Штраф за нарушение срока передачи товара,известь 4кг,771729737,"13,70",58087798745,известь 4кг,,,,,,,5792274490,25005056320260924,3135370648389
Саныч,46289,Штраф за нарушение срока передачи товара,известь 4кг,771729737,"12,61",58088225536,известь 4кг,,,,,,,5792701813,25005056320260924,3135370648388
Саныч,46289,Штраф за нарушение срока передачи товара,ведро 12л 1шт,1120558429,"15,62",58089033770,ведро 12л 1шт,,,,,,,5792905009,25005056320260924,3135370648387
Саныч,46289,Штраф за нарушение срока передачи товара,известь 6 кг,566189859,"20,28",58089484983,известь 6 кг,,,,,,,5793354116,25005056320260924,3135370648386
Саныч,46289,Штраф за нарушение срока передачи товара,ведро 12л 1шт,1120558429,"13,70",58089651134,ведро 12л 1шт,,,,,,,5793528701,25005056320260924,3135370648385
Саныч,46289,Штраф за нарушение срока передачи товара,бидон 15л 2шт,1588048270,"62,19",58087881627,бидон 15л 2шт,,,,,,,5792301496,25005056320260924,3135370648384
Саныч,46289,Штраф за нарушение срока передачи товара,известь 2 кг,566189857,"2,55",58112673639,известь 2 кг,,,,,,,5796470782,25005056320260924,3135370648383
Саныч,46289,Штраф за нарушение срока передачи товара,ведро 12л 5шт,1124967280,"25,01",58104415745,ведро 12л 5шт,,,,,,,5794508004,25005056320260924,3135370648382
Саныч,46289,Штраф за нарушение срока передачи товара,известь 4кг,771729737,"0,23",58115598479,известь 4кг,,,,,,,5797497350,25005056320260924,3135370648381
Саныч,46289,Штраф за нарушение срока передачи товара,ведро оцинкованное 15 л 3шт,1241057288,"57,24",58089510829,ведро оцинкованное 15 л 3шт,,,,,,,5793377695,25005056320260924,3135370648380
Саныч,46289,Штраф за нарушение срока передачи товара,известь 10кг + ведро оцинк 12л,1515740424,"33,40",58089326063,известь 10кг + ведро оцинк 12л,,,,,,,5793192088,25005056320260924,3135370648379
Саныч,46289,Штраф за нарушение срока передачи товара,известь 10 кг,566189860,"27,66",58092274827,известь 10 кг,,,,,,,5793649286,25005056320260924,3135370648378
Саныч,46289,Штраф за нарушение срока передачи товара,ведро туалет 17л беж,1442769822,"49,19",58088330461,ведро туалет 17л беж,,,,,,,5792807624,25005056320260924,3135370648377
Саныч,46289,Штраф за нарушение срока передачи товара,ведро туалет 17л беж,1442769822,"29,54",58111190780,ведро туалет 17л беж,,,,,,,5794925902,25005056320260924,3135370648376
Саныч,46289,Штраф за нарушение срока передачи товара,известь 10 кг,566189860,"122,07",58080651869,известь 10 кг,,,,,,,5785136259,25005056320260924,3135370648375
Саныч,46289,Штраф за нарушение срока передачи товара,ведро 12л 10шт,1124967281,"65,22",58089637977,ведро 12л 10шт,,,,,,,5793509857,25005056320260924,3135370648374
Саныч,46289,Штраф за нарушение срока передачи товара,известь 20 кг,566189861,"3,54",58115322183,известь 20 кг,,,,,,,5797219649,25005056320260924,3135370648373
Саныч,46289,Штраф за нарушение срока передачи товара,известь 2 кг,566189857,"8,06",58104473117,известь 2 кг,,,,,,,5794563541,25005056320260924,3135370648372
Саныч,46289,Штраф за нарушение срока передачи товара,ведро туалет 17л сер,1515475863,"31,70",58104374490,ведро туалет 17л сер,,,,,,,5794465996,25005056320260924,3135370648371
Саныч,46289,Штраф за нарушение срока передачи товара,известь 6 кг,566189859,"0,46",58115549330,известь 6 кг,,,,,,,5797447963,25005056320260924,3135370648370
Саныч,46289,Штраф за нарушение срока передачи товара,лоток кр 12 п4 н2,1194660184,"327,78",58081379073,лоток кр 12 п4 н2,,,,,,,5785872051,25005056320260924,3135370648369
Саныч,46289,Штраф за нарушение срока передачи товара,известь 10 кг,566189860,"54,92",58087191972,известь 10 кг,,,,,,,5791668561,25005056320260924,3135370648368
Саныч,46289,Штраф за нарушение срока передачи товара,известь 4 кг,566189858,"5,60",58111941952,известь 4 кг,,,,,,,5795752830,25005056320260924,3135370648367
Саныч,46289,Штраф за нарушение срока передачи товара,известь 2 кг,566189857,"0,25",58115575378,известь 2 кг,,,,,,,5797474365,25005056320260924,3135370648366
Саныч,46289,Штраф за нарушение срока передачи товара,известь 6 кг,566189859,"24,13",58088005297,известь 6 кг,,,,,,,5792481063,25005056320260924,3135370648365
Саныч,46289,Штраф за нарушение срока передачи товара,известь 2 кг,566189857,"5,29",58111612833,известь 2 кг,,,,,,,5795290461,25005056320260924,3135370648364
Саныч,46289,Штраф за нарушение срока передачи товара,известь 4 кг,566189858,"6,66",58111561763,известь 4 кг,,,,,,,5795355821,25005056320260924,3135370648363
Саныч,46289,Штраф за нарушение срока передачи товара,известь 6 кг,566189859,"5,24",58112583764,известь 6 кг,,,,,,,5796297910,25005056320260924,3135370648362
Саныч,46289,Штраф за нарушение срока передачи товара,известь 4 кг,566189858,"5,55",58111941932,известь 4 кг,,,,,,,5795752831,25005056320260924,3135370648361
Саныч,46289,Штраф за нарушение срока передачи товара,известь 6 кг,566189859,"5,24",58112583753,известь 6 кг,,,,,,,5796297911,25005056320260924,3135370648360
Саныч,46289,Штраф за нарушение срока передачи товара,известь 6 кг,566189859,"21,32",58089267403,известь 6 кг,,,,,,,5793133174,25005056320260924,3135370648359
Саныч,46289,Штраф за нарушение срока передачи товара,известь 2 кг,566189857,"8,76",58104205933,известь 2 кг,,,,,,,5794296884,25005056320260924,3135370648358
Саныч,46289,Штраф за нарушение срока передачи товара,ведро туалет 17л сер,1515475863,"30,02",58104321713,ведро туалет 17л сер,,,,,,,5794411687,25005056320260924,3135370648357
Саныч,46289,Штраф за нарушение срока передачи товара,известь 6 кг,566189859,"21,32",58089267390,известь 6 кг,,,,,,,5793133171,25005056320260924,3135370648356
Саныч,46289,Штраф за нарушение срока передачи товара,ведро 12л 1шт,1120558429,"2,66",58114831426,ведро 12л 1шт,,,,,,,5796682081,25005056320260924,3135370648355
Саныч,46289,Штраф за нарушение срока передачи товара,мел 2кг,769654698,"45,47",58076510409,мел 2кг,,,,,,,5783405017,25005056320260924,3135370648354
Саныч,46289,Штраф за нарушение срока передачи товара,известь 4 кг,566189858,"5,50",58111973408,известь 4 кг,,,,,,,5795785207,25005056320260924,3135370648353
Саныч,46289,Штраф за нарушение срока передачи товара,известь 4кг,771729737,"13,74",58087787841,известь 4кг,,,,,,,5792263788,25005056320260924,3135370648352
Саныч,46289,Штраф за нарушение срока передачи товара,ведро туалет 17л сер,1515475863,"2,77",58115510931,ведро туалет 17л сер,,,,,,,5797409250,25005056320260924,3135370648351
Саныч,46289,Штраф за нарушение срока передачи товара,мел 2кг,769654698,"10,74",58089236860,мел 2кг,,,,,,,5793064602,25005056320260924,3135370648350
Саныч,46289,Штраф за нарушение срока передачи товара,известь 10 кг,566189860,"144,92",58064603727,известь 10 кг,,,,,,,5782504499,25005056320260924,3135370648349
Саныч,46289,Штраф за нарушение срока передачи товара,известь 10 кг,566189860,"23,87",58104123630,известь 10 кг,,,,,,,5794212910,25005056320260924,3135370648348
Саныч,46289,Штраф за нарушение срока передачи товара,ведро туалет 17л сер,1515475863,"32,42",58104306276,ведро туалет 17л сер,,,,,,,5794396325,25005056320260924,3135370648347
Саныч,46289,Штраф за нарушение срока передачи товара,известь 10 кг,566189860,"111,39",58081885319,известь 10 кг,,,,,,,5786396130,25005056320260924,3135370648346
Саныч,46289,Штраф за нарушение срока передачи товара,бидон 10л 2шт,1249688169,"38,48",58088150301,бидон 10л 2шт,,,,,,,5792627933,25005056320260924,3135370648345
Саныч,46289,Штраф за нарушение срока передачи товара,мел 2кг,769654698,"7,31",58110218845,мел 2кг,,,,,,,5794609165,25005056320260924,3135370648344
Саныч,46289,Штраф за нарушение срока передачи товара,известь 10 кг,566189860,"35,59",58087949595,известь 10 кг,,,,,,,5792423944,25005056320260924,3135370648343
Саныч,46289,Штраф за нарушение срока передачи товара,бидон 5л 2шт,1249664695,"35,95",58088343559,бидон 5л 2шт,,,,,,,5792817256,25005056320260924,3135370648342
Саныч,46289,Штраф за нарушение срока передачи товара,известь 4кг,771729737,"0,29",58115539383,известь 4кг,,,,,,,5797437127,25005056320260924,3135370648341
Саныч,46289,Штраф за нарушение срока передачи товара,ведро туалет 17л сер,1515475863,"3,94",58115381417,ведро туалет 17л сер,,,,,,,5797279666,25005056320260924,3135370648340
Саныч,46289,Штраф за нарушение срока передачи товара,известь 4 кг,566189858,"15,80",58089553853,известь 4 кг,,,,,,,5793322042,25005056320260924,3135370648339
Саныч,46289,Штраф за нарушение срока передачи товара,ведро 12л 1шт,1120558429,"14,73",58088282209,ведро 12л 1шт,,,,,,,5792760018,25005056320260924,3135370648338
Саныч,46289,Штраф за нарушение срока передачи товара,мел 2кг,769654698,"13,90",58087224986,мел 2кг,,,,,,,5791700840,25005056320260924,3135370648337
Саныч,46289,Штраф за нарушение срока передачи товара,ведро 12л 3шт,1124967279,"23,94",58092487223,ведро 12л 3шт,,,,,,,5793812244,25005056320260924,3135370648336
Саныч,46289,Штраф за нарушение срока передачи товара,ведро 12л 1шт,1120558429,"12,11",58095140426,ведро 12л 1шт,,,,,,,5794019326,25005056320260924,3135370648335
Саныч,46289,Штраф за нарушение срока передачи товара,ведро 12л 1шт,1120558429,"16,40",58088172850,ведро 12л 1шт,,,,,,,5792650893,25005056320260924,3135370648334
Саныч,46289,Штраф за нарушение срока передачи товара,ведро туалет 17л сер,1515475863,"17,41",58111645359,ведро туалет 17л сер,,,,,,,5795440167,25005056320260924,3135370648333
Саныч,46289,Штраф за нарушение срока передачи товара,ведро 16л 5шт,1124967284,"46,97",58089121600,ведро 16л 5шт,,,,,,,5792991841,25005056320260924,3135370648332
Саныч,46289,Штраф за нарушение срока передачи товара,бидон 10л 2шт,1249688169,"43,57",58087500035,бидон 10л 2шт,,,,,,,5791976449,25005056320260924,3135370648331
Саныч,46289,Штраф за нарушение срока передачи товара,известь 4 кг,566189858,"5,08",58112092124,известь 4 кг,,,,,,,5795887094,25005056320260924,3135370648330
Саныч,46289,Штраф за нарушение срока передачи товара,бидон 10л 1шт,1249688168,"15,34",58110376296,бидон 10л 1шт,,,,,,,5794766676,25005056320260924,3135370648329
Саныч,46289,Штраф за нарушение срока передачи товара,ведро оцинкованное 15 л 1шт,1241057287,"1,52",58114996091,ведро оцинкованное 15 л 1шт,,,,,,,5796893353,25005056320260924,3135370648328
Саныч,46289,Штраф за нарушение срока передачи товара,известь 6 кг,566189859,"18,55",58092350962,известь 6 кг,,,,,,,5793728965,25005056320260924,3135370648327
Саныч,46289,Штраф за нарушение срока передачи товара,ведро оцинкованное 12 л 3шт,1240752909,"47,62",58089226407,ведро оцинкованное 12 л 3шт,,,,,,,5793092496,25005056320260924,3135370648326
Саныч,46289,Штраф за нарушение срока передачи товара,ведро туалет 17л беж,1442769822,"21,81",58110497755,ведро туалет 17л беж,,,,,,,5794865646,25005056320260924,3135370648325
Саныч,46289,Штраф за нарушение срока передачи товара,ведро туалет 17л сер,1515475863,"52,40",58087720939,ведро туалет 17л сер,,,,,,,5792197452,25005056320260924,3135370648324
Саныч,46289,Штраф за нарушение срока передачи товара,известь 4 кг,566189858,"19,24",58087412123,известь 4 кг,,,,,,,5791889007,25005056320260924,3135370648323
Саныч,46289,Штраф за нарушение срока передачи товара,ведро туалет 17л беж,1442769822,"3,32",58115672394,ведро туалет 17л беж,,,,,,,5797570414,25005056320260924,3135370648322
Саныч,46289,Штраф за нарушение срока передачи товара,мел 12кг,769654701,"125,79",58055313935,мел 12кг,,,,,,,5781819059,25005056320260924,3135370648321
Саныч,46289,Штраф за нарушение срока передачи товара,известь 4кг,771729737,"12,23",58088385356,известь 4кг,,,,,,,5792861269,25005056320260924,3135370648320
Саныч,46289,Штраф за нарушение срока передачи товара,ведро 12л 1шт,1120558429,"6,05",58111381950,ведро 12л 1шт,,,,,,,5795174418,25005056320260924,3135370648319
Саныч,46289,Штраф за нарушение срока передачи товара,известь 4 кг,566189858,"17,01",58088121026,известь 4 кг,,,,,,,5792598334,25005056320260924,3135370648318
Саныч,46289,Штраф за нарушение срока передачи товара,мел 2кг,769654698,"0,12",58115719134,мел 2кг,,,,,,,5797632785,25005056320260924,3135370648317
Саныч,46289,Штраф за нарушение срока передачи товара,ведро 12л 1шт,1120558429,"4,79",58111781040,ведро 12л 1шт,,,,,,,5795574002,25005056320260924,3135370648316
Саныч,46289,Штраф за нарушение срока передачи товара,известь 6 кг,566189859,"15,70",58104259294,известь 6 кг,,,,,,,5794348534,25005056320260924,3135370648315
Саныч,46289,Штраф за нарушение срока передачи товара,известь 4 кг,566189858,"8,59",58111243792,известь 4 кг,,,,,,,5795036662,25005056320260924,3135370648314
Саныч,46289,Штраф за нарушение срока передачи товара,ведро туалет 17л сер,1515475863,"5,45",58114927052,ведро туалет 17л сер,,,,,,,5796823031,25005056320260924,3135370648313
Саныч,46289,Штраф за нарушение срока передачи товара,известь 6 кг,566189859,"16,71",58095237056,известь 6 кг,,,,,,,5794125900,25005056320260924,3135370648312
Саныч,46289,Штраф за нарушение срока передачи товара,ведро туалет 17л сер,1515475863,"33,39",58092505146,ведро туалет 17л сер,,,,,,,5793817718,25005056320260924,3135370648311
Саныч,46289,Штраф за нарушение срока передачи товара,ведро туалет 17л сер,1515475863,"18,30",58111810414,ведро туалет 17л сер,,,,,,,5795604654,25005056320260924,3135370648310
Саныч,46289,Штраф за нарушение срока передачи товара,известь 4кг,771729737,"9,15",58051186522,известь 4кг,,,,,,,5794105449,25005056320260924,3135370648309
Саныч,46289,Штраф за нарушение срока передачи товара,ведро туалет 17л сер,1515475863,"22,57",58111276414,ведро туалет 17л сер,,,,,,,5795068245,25005056320260924,3135370648308
Саныч,46289,Штраф за нарушение срока передачи товара,известь 4 кг,566189858,"2,56",58114842147,известь 4 кг,,,,,,,5796693364,25005056320260924,3135370648307
Саныч,46289,Штраф за нарушение срока передачи товара,известь 4 кг,566189858,"12,02",58095241533,известь 4 кг,,,,,,,5794130173,25005056320260924,3135370648306
Саныч,46289,Штраф за нарушение срока передачи товара,известь 6 кг,566189859,"16,42",58104103851,известь 6 кг,,,,,,,5794193192,25005056320260924,3135370648305
Саныч,46289,Штраф за нарушение срока передачи товара,ведро туалет 17л сер,1515475863,"39,80",58092271310,ведро туалет 17л сер,,,,,,,5793647575,25005056320260924,3135370648304
Саныч,46289,Штраф за нарушение срока передачи товара,известь 10 кг,566189860,"41,37",58087400090,известь 10 кг,,,,,,,5791876449,25005056320260924,3135370648303
Саныч,46289,Штраф за нарушение срока передачи товара,ведро туалет 17л сер,1515475863,"43,17",58089351214,ведро туалет 17л сер,,,,,,,5793218737,25005056320260924,3135370648302
Саныч,46289,Штраф МП. Невыполненный заказ (отмена продавцом),лоток чер 6 бп н2,1223840885,"310,00",57682617630,лоток чер 6 бп н2,,,,,,,5695870074,25005056320260924,3135370648301
AIR,46289,Штраф МП. Невыполненный заказ (отмена продавцом),ветошь хпп 20м,251982757,"632,15",57801417810,ветошь хпп 20м,,,,,,,5721711648,95361120260924,3135386186074
AIR,46289,Штраф МП. Невыполненный заказ (отмена продавцом),ветошь хпп 20м,251982757,"632,50",57778816696,ветошь хпп 20м,,,,,,,5720400465,95361120260924,3135386186072
AIR,46289,Штраф за нарушение срока передачи товара,"вазон 2,5л черный",341460915,"20,87",58087479355,"вазон 2,5л черный",,,,,,,5791955763,95361120260924,3135386186071
AIR,46289,Штраф за нарушение срока передачи товара,вазон 17л черный,316464156,"42,41",58088200293,вазон 17л черный,,,,,,,5792678160,95361120260924,3135386186070
AIR,46289,Штраф за нарушение срока передачи товара,вазоны 2шт черные 6л,347376587,"2,67",57888136587,вазоны 2шт черные 6л,,,,,,,5798085399,95361120260924,3135386186069
AIR,46289,Штраф за нарушение срока передачи товара,вазон 22л белый,771965776,"43,74",58089250841,вазон 22л белый,,,,,,,5793112918,95361120260924,3135386186068
AIR,46289,Штраф за нарушение срока передачи товара,вазон 2шт белый 17л,326578448,"57,38",58088335929,вазон 2шт белый 17л,,,,,,,5792812880,95361120260924,3135386186067
AIR,46289,Штраф за нарушение срока передачи товара,вазон 22л белый,771965776,"2,51",57887962272,вазон 22л белый,,,,,,,5797910769,95361120260924,3135386186066
AIR,46289,Штраф за нарушение срока передачи товара,"вазон 2,5л черный",341460915,"13,74",58095301010,"вазон 2,5л черный",,,,,,,5794190304,95361120260924,3135386186065
AIR,46289,Штраф за нарушение срока передачи товара,3шт-вазон 22л белый,771963173,"1506,50",57883756492,3шт-вазон 22л белый,,,,,,,5741195768,95361120260924,3135386186064
AIR,46289,Штраф за нарушение срока передачи товара,"вазон 4,5л черный",341468537,"22,77",58089276420,"вазон 4,5л черный",,,,,,,5793141733,95361120260924,3135386186063
AIR,46289,Штраф за нарушение срока передачи товара,вазон 5л белый,418218469,"26,14",58088226096,вазон 5л белый,,,,,,,5792702373,95361120260924,3135386186062
AIR,46289,Штраф за нарушение срока передачи товара,вазоны 2шт черные 6л,347376587,"23,98",58111694962,вазоны 2шт черные 6л,,,,,,,5795488756,95361120260924,3135386186061
AIR,46289,Штраф за нарушение срока передачи товара," вазон 2,5л белый венеция",771965775,"14,72",58095271661," вазон 2,5л белый венеция",,,,,,,5794160462,95361120260924,3135386186060
AIR,46289,Штраф за нарушение срока передачи товара,вазон 17л черный,316464156,"17,61",58111696960,вазон 17л черный,,,,,,,5795490688,95361120260924,3135386186059
AIR,46289,Штраф за нарушение срока передачи товара,3шт-вазон 22л коричневый,771963170,"67,41",58110381192,3шт-вазон 22л коричневый,,,,,,,5794772114,95361120260924,3135386186058
AIR,46289,Штраф за нарушение срока передачи товара,вазон 2шт белый 17л,326578448,"48,96",58092257296,вазон 2шт белый 17л,,,,,,,5793633753,95361120260924,3135386186057
AIR,46289,Штраф за нарушение срока передачи товара,"вазон 4,5л черный",341468537,"5,14",58114890215,"вазон 4,5л черный",,,,,,,5796784419,95361120260924,3135386186056
AIR,46289,Штраф за нарушение срока передачи товара,3шт -вазон 12л коричневый,397001517,"14,22",58114999948,3шт -вазон 12л коричневый,,,,,,,5796897277,95361120260924,3135386186055
AIR,46289,Штраф за нарушение срока передачи товара,"ваза 4,5 черный",341252430,"39,96",58089372302,"ваза 4,5 черный",,,,,,,5793239033,95361120260924,3135386186054
AIR,46289,Штраф за нарушение срока передачи товара,"вазон 4,5л черный",341468537,"5,18",58114890235,"вазон 4,5л черный",,,,,,,5796784421,95361120260924,3135386186053
AIR,46289,Штраф за нарушение срока передачи товара,"вазон 4,5л черный",341468537,"2,21",58115624989,"вазон 4,5л черный",,,,,,,5797523492,95361120260924,3135386186052
AIR,46289,Штраф за нарушение срока передачи товара,3шт-вазон 22л коричневый,771963170,"46,66",58111651598,3шт-вазон 22л коричневый,,,,,,,5795446256,95361120260924,3135386186051
AIR,46289,Штраф за нарушение срока передачи товара,ваза 6л черный,327126800,"59,66",58088067426,ваза 6л черный,,,,,,,5792542914,95361120260924,3135386186050
AIR,46289,Штраф за нарушение срока передачи товара,3шт -вазон 12л коричневый,397001517,"12,31",58115102745,3шт -вазон 12л коричневый,,,,,,,5796993594,95361120260924,3135386186049
AIR,46289,Штраф за нарушение срока передачи товара,3шт-вазон 22л белый,771963173,"18,57",58115193476,3шт-вазон 22л белый,,,,,,,5797088971,95361120260924,3135386186048
AIR,46289,Штраф за нарушение срока передачи товара,вазон 17л черный,316464156,"42,75",58087593602,вазон 17л черный,,,,,,,5792084601,95361120260924,3135386186047
AIR,46289,Штраф за нарушение срока передачи товара,3шт -вазон 12л коричневый,397001517,"52,07",58092574100,3шт -вазон 12л коричневый,,,,,,,5793840003,95361120260924,3135386186046
AIR,46289,Штраф за нарушение срока передачи товара,3шт-вазон 12л белый,363602607,"70,55",58089250514,3шт-вазон 12л белый,,,,,,,5793116659,95361120260924,3135386186045
AIR,46289,Штраф за нарушение срока передачи товара,3шт-вазон 12л белый,363602607,"1,17",57887938745,3шт-вазон 12л белый,,,,,,,5797886342,95361120260924,3135386186044
AIR,46289,Штраф за нарушение срока передачи товара,3шт-вазон 12л белый,363602607,"1,17",57887938732,3шт-вазон 12л белый,,,,,,,5797886341,95361120260924,3135386186043
AIR,46289,Штраф за нарушение срока передачи товара,вазон 2шт черные 17л,326579192,"33,42",58110264543,вазон 2шт черные 17л,,,,,,,5794654356,95361120260924,3135386186042
AIR,46289,Штраф за нарушение срока передачи товара,вазон 17л черный,316464156,"11,17",58112129712,вазон 17л черный,,,,,,,5795925296,95361120260924,3135386186041
AIR,46289,Штраф за нарушение срока передачи товара,3шт-вазон 5л белый,418209992,"15,15",58112265981,3шт-вазон 5л белый,,,,,,,5796062057,95361120260924,3135386186040
AIR,46289,Штраф за нарушение срока передачи товара,"вазон 2,5л черный",341460915,"13,25",58095301015,"вазон 2,5л черный",,,,,,,5794190305,95361120260924,3135386186039
AIR,46289,Штраф за нарушение срока передачи товара,ваза 6л черный,327126800,"9,82",58112665337,ваза 6л черный,,,,,,,5796462079,95361120260924,3135386186038
AIR,46289,Штраф за нарушение срока передачи товара,"вазон 2,5л черный",341460915,"8,15",58111163654,"вазон 2,5л черный",,,,,,,5794954520,95361120260924,3135386186037
AIR,46289,Штраф за нарушение срока передачи товара,"вазон 2,5л черный",341460915,"12,11",58095300999,"вазон 2,5л черный",,,,,,,5794190303,95361120260924,3135386186036
AIR,46289,Штраф за нарушение срока передачи товара,ветошь хпп 50м,226438033,"32,00",58112146231,ветошь хпп 50м,,,,,,,5795942714,95361120260924,3135386186035
AIR,46289,Штраф за нарушение срока передачи товара,"вазон 4,5л черный",341468537,"17,87",58092302905,"вазон 4,5л черный",,,,,,,5793679058,95361120260924,3135386186034
AIR,46289,Штраф за нарушение срока передачи товара,"вазон 4,5л черный",341468537,"17,79",58092302915,"вазон 4,5л черный",,,,,,,5793679060,95361120260924,3135386186033
AIR,46289,Штраф за нарушение срока передачи товара,вазон 2шт черные 17л,326579192,"5,73",58114990611,вазон 2шт черные 17л,,,,,,,5796887783,95361120260924,3135386186032
AIR,46289,Штраф за нарушение срока передачи товара,вазон 2шт черные 17л,326579192,"5,89",58115106483,вазон 2шт черные 17л,,,,,,,5797003822,95361120260924,3135386186031
AIR,46289,Штраф за нарушение срока передачи товара,3шт-вазон 12л белый,363602607,"74,82",58087447238,3шт-вазон 12л белый,,,,,,,5791924777,95361120260924,3135386186030
AIR,46289,Штраф за нарушение срока передачи товара,вазон 2шт черные 17л,326579192,"52,94",58088200292,вазон 2шт черные 17л,,,,,,,5792678159,95361120260924,3135386186029
AIR,46289,Штраф за нарушение срока передачи товара,ветошь хпп 30м,237786198,"54,05",58092467061,ветошь хпп 30м,,,,,,,5793805279,95361120260924,3135386186028
AIR,46289,Штраф за нарушение срока передачи товара,"вазон 2,5л белый",341463250,"16,29",58088331101,"вазон 2,5л белый",,,,,,,5792808309,95361120260924,3135386186027
AIR,46289,Штраф за нарушение срока передачи товара,ваза 17л белая 2шт,327128014,"34,50",58110338588,ваза 17л белая 2шт,,,,,,,5794728792,95361120260924,3135386186026
AIR,46289,Штраф за нарушение срока передачи товара,"вазон 2,5л черный",341460915,"8,97",58110281510,"вазон 2,5л черный",,,,,,,5794671051,95361120260924,3135386186025
AIR,46289,Штраф за нарушение срока передачи товара,вазон 2шт черные 17л,326579192,"16,99",58112084919,вазон 2шт черные 17л,,,,,,,5795880059,95361120260924,3135386186024
AIR,46289,Штраф за нарушение срока передачи товара,вазон 6л черный,316465164,"31,71",58089059874,вазон 6л черный,,,,,,,5792931058,95361120260924,3135386186023
AIR,46289,Штраф за нарушение срока передачи товара,"вазон 4,5л черный",341468537,"4,24",58114890211,"вазон 4,5л черный",,,,,,,5796784418,95361120260924,3135386186022
AIR,46289,Штраф за нарушение срока передачи товара,3шт-вазон 12л белый,363602607,"63,49",58088334548,3шт-вазон 12л белый,,,,,,,5792810811,95361120260924,3135386186021
AIR,46289,Штраф за нарушение срока передачи товара,"вазон 4,5л черный",341468537,"4,04",58114890225,"вазон 4,5л черный",,,,,,,5796784420,95361120260924,3135386186020
AIR,46289,Штраф за нарушение срока передачи товара,"вазон 4,5л черный",341468537,"19,58",58092248274,"вазон 4,5л черный",,,,,,,5793624616,95361120260924,3135386186019
AIR,46289,Штраф за нарушение срока передачи товара,"ваза 4,5 черный",341252430,"43,45",58088067427,"ваза 4,5 черный",,,,,,,5792542912,95361120260924,3135386186018
AIR,46289,Штраф за нарушение срока передачи товара,вазон 17л черный,316464156,"42,75",58087601866,вазон 17л черный,,,,,,,5792095160,95361120260924,3135386186017
AIR,46289,Штраф за нарушение срока передачи товара,"вазон 2,5л белый",341463250,"12,69",58095014315,"вазон 2,5л белый",,,,,,,5793907820,95361120260924,3135386186016
AIR,46289,Штраф за нарушение срока передачи товара,3шт-вазон 5л белый,418209992,"0,02",58115603476,3шт-вазон 5л белый,,,,,,,5797502058,95361120260924,3135386186015
AIR,46289,Штраф за нарушение срока передачи товара,вазоны 2шт черные 6л,347376587,"12,04",58112508960,вазоны 2шт черные 6л,,,,,,,5796304443,95361120260924,3135386186014
AIR,46289,Штраф МП. Невыполненный заказ (отмена продавцом),вазон 17л черный,316464156,"358,80",57684241250,вазон 17л черный,,,,,,,5698207201,95361120260924,3135386186013
AIR,46289,Штраф МП. Невыполненный заказ (отмена продавцом),вазон 17л черный,316464156,"358,80",57686764460,вазон 17л черный,,,,,,,5698204989,95361120260924,3135386186012
AIR,46289,Штраф МП. Невыполненный заказ (отмена продавцом),вазон 17л черный,316464156,"358,80",57686761543,вазон 17л черный,,,,,,,5698200418,95361120260924,3135386186011
Хозяюшка,46288,Штраф за нарушение срока передачи товара,ветошь хпп 30м (2),1416049670,"155,05",58078972540,ветошь хпп 30м (2),,,,,,,5784791862,25017326820260923,3135328444199
Хозяюшка,46288,Штраф за нарушение срока передачи товара,ветошь хпп 30м (2),1416049670,"190,57",58070284307,ветошь хпп 30м (2),,,,,,,5782833742,25017326820260923,3135328444198
Хозяюшка,46288,Штраф за нарушение срока передачи товара,ветошь хпп 50м (2),1416049669,"10,39",58087159573,ветошь хпп 50м (2),,,,,,,5791636314,25017326820260923,3135328444197
Хозяюшка,46288,Штраф за нарушение срока передачи товара,ветошь хпп 30м (2),1416049670,"337,31",58049778000,ветошь хпп 30м (2),,,,,,,5777182296,25017326820260923,3135328444196
Хозяюшка,46288,Штраф за нарушение срока передачи товара,ведро пласт с крышкой 5л 3 шт,1497431369,"3,43",58081685535,ведро пласт с крышкой 5л 3 шт,,,,,,,5786194583,25017326820260923,3135328444194
Хозяюшка,46288,Штраф за нарушение срока передачи товара,цемент - 10 кг,1508796599,"103,60",58015357347,цемент - 10 кг,,,,,,,5773743099,25017326820260923,3135328444193
Хозяюшка,46288,Штраф за нарушение срока передачи товара,ведро пласт с крышкой 5 л 10 шт,1523190487,"23,77",58080933104,ведро пласт с крышкой 5 л 10 шт,,,,,,,5785425062,25017326820260923,3135328444192
Хозяюшка,46288,Штраф за нарушение срока передачи товара,ведро пласт с крышкой 3 л 3 шт,1523199952,"18,84",58076506861,ведро пласт с крышкой 3 л 3 шт,,,,,,,5783401606,25017326820260923,3135328444191
Хозяюшка,46288,Штраф за нарушение срока передачи товара,ведро пласт с крышкой 3 л 3 шт,1523199952,"23,81",58064622864,ведро пласт с крышкой 3 л 3 шт,,,,,,,5782523022,25017326820260923,3135328444190
Хозяюшка,46288,Штраф за нарушение срока передачи товара,цемент - 25 кг,1515370149,"446,84",57968171779,цемент - 25 кг,,,,,,,5764094103,25017326820260923,3135328444189
Хозяюшка,46288,Штраф за нарушение срока передачи товара,ведро пласт с крышкой 5л 3 шт,1497431369,"42,77",58055103028,ведро пласт с крышкой 5л 3 шт,,,,,,,5781609659,25017326820260923,3135328444188
Хозяюшка,46288,Штраф за нарушение срока передачи товара,ведро пласт с крышкой 3 л 3 шт,1523199952,"4,51",58081234097,ведро пласт с крышкой 3 л 3 шт,,,,,,,5785726385,25017326820260923,3135328444187
Хозяюшка,46288,Штраф за нарушение срока передачи товара,ведро пласт с крышкой 3л 5шт,1497431960,"2,59",58081776403,ведро пласт с крышкой 3л 5шт,,,,,,,5786284443,25017326820260923,3135328444186
Хозяюшка,46288,Штраф за нарушение срока передачи товара,цемент - 25 кг,1515370149,"108,15",58053181821,цемент - 25 кг,,,,,,,5779657791,25017326820260923,3135328444185
Хозяюшка,46288,Штраф за нарушение срока передачи товара,цемент - 25 кг,1515370149,"809,13",57886511858,цемент - 25 кг,,,,,,,5746950604,25017326820260923,3135328444184
Хозяюшка,46288,Штраф за нарушение срока передачи товара,цемент - 10 кг,1508796599,"199,93",57974258024,цемент - 10 кг,,,,,,,5764501100,25017326820260923,3135328444183
Хозяюшка,46288,Штраф за нарушение срока передачи товара,цемент - 10 кг,1508796599,"215,67",57887722093,цемент - 10 кг,,,,,,,5762202538,25017326820260923,3135328444182
Хозяюшка,46288,Штраф за нарушение срока передачи товара,ведро пласт с крышкой 10 л 3 шт,1523255615,"238,98",58015390938,ведро пласт с крышкой 10 л 3 шт,,,,,,,5773776600,25017326820260923,3135328444181
Хозяюшка,46288,Штраф за нарушение срока передачи товара,ведро пласт с крышкой 10л 1 шт,1497431550,"19,77",58076464523,ведро пласт с крышкой 10л 1 шт,,,,,,,5783360268,25017326820260923,3135328444180
Хозяюшка,46288,Штраф за нарушение срока передачи товара,ведро пласт с крышкой 5л 3 шт,1497431369,"12,82",58079115610,ведро пласт с крышкой 5л 3 шт,,,,,,,5784921458,25017326820260923,3135328444179
Хозяюшка,46288,Штраф за нарушение срока передачи товара,цемент - 10 кг,1508796599,"175,53",57994775982,цемент - 10 кг,,,,,,,5765891658,25017326820260923,3135328444178
Хозяюшка,46288,Штраф за нарушение срока передачи товара,цемент - 10 кг,1508796599,"213,85",57947663218,цемент - 10 кг,,,,,,,5762441961,25017326820260923,3135328444177
Хозяюшка,46288,Штраф за нарушение срока передачи товара,цемент - 10 кг,1508796599,"219,31",57887101587,цемент - 10 кг,,,,,,,5761600817,25017326820260923,3135328444176
Хозяюшка,46288,Штраф за нарушение срока передачи товара,цемент - 25 кг,1515370149,"523,56",57940402679,цемент - 25 кг,,,,,,,5759549373,25017326820260923,3135328444175
Хозяюшка,46288,Штраф за нарушение срока передачи товара,ведро пласт с крышкой 3л 5шт,1497431960,"12,99",58078967541,ведро пласт с крышкой 3л 5шт,,,,,,,5784786777,25017326820260923,3135328444174
Хозяюшка,46288,Штраф за нарушение срока передачи товара,цемент - 25 кг,1515370149,"291,02",58001221402,цемент - 25 кг,,,,,,,5770028653,25017326820260923,3135328444173
Хозяюшка,46288,Штраф за нарушение срока передачи товара,цемент - 25 кг,1515370149,"523,56",57940402687,цемент - 25 кг,,,,,,,5759549374,25017326820260923,3135328444172
Хозяюшка,46288,Штраф за нарушение срока передачи товара,цемент - 25 кг,1515370149,"291,68",58001212937,цемент - 25 кг,,,,,,,5770019868,25017326820260923,3135328444171
Хозяюшка,46288,Штраф за нарушение срока передачи товара,цемент - 25 кг,1515370149,"291,68",58001212946,цемент - 25 кг,,,,,,,5770019866,25017326820260923,3135328444170
Хозяюшка,46288,Штраф за нарушение срока передачи товара,ведро пласт с крышкой 5л 3 шт,1497431369,"4,20",58081592882,ведро пласт с крышкой 5л 3 шт,,,,,,,5786093284,25017326820260923,3135328444169
Хозяюшка,46288,Штраф за нарушение срока передачи товара,цемент - 25 кг,1515370149,"192,01",58049412668,цемент - 25 кг,,,,,,,5776815655,25017326820260923,3135328444168
Хозяюшка,46288,Штраф за нарушение срока передачи товара,ведро пласт с крышкой 5л 3 шт,1497431369,"7,40",58081061269,ведро пласт с крышкой 5л 3 шт,,,,,,,5785553460,25017326820260923,3135328444167
Хозяюшка,46288,Штраф за нарушение срока передачи товара,ведро пласт с крышкой 5л 3 шт,1497431369,"1,20",58081956470,ведро пласт с крышкой 5л 3 шт,,,,,,,5786467786,25017326820260923,3135328444166
Хозяюшка,46288,Штраф за нарушение срока передачи товара,ведро пласт с крышкой 3л 5шт,1497431960,"28,89",58076252018,ведро пласт с крышкой 3л 5шт,,,,,,,5783134315,25017326820260923,3135328444165
Хозяюшка,46288,Штраф за нарушение срока передачи товара,цемент - 25 кг,1515370149,"676,30",57933002043,цемент - 25 кг,,,,,,,5751989182,25017326820260923,3135328444164
Хозяюшка,46288,Штраф за нарушение срока передачи товара,ведро пласт с крышкой 5л 1 шт,1497431368,"7,47",58078904043,ведро пласт с крышкой 5л 1 шт,,,,,,,5784722881,25017326820260923,3135328444163
Хозяюшка,46288,Штраф за нарушение срока передачи товара,цемент - 10 кг,1508796599,"212,79",57947703488,цемент - 10 кг,,,,,,,5762483514,25017326820260923,3135328444162
Хозяюшка,46288,Штраф за нарушение срока передачи товара,ведро пласт с крышкой 5л 3 шт,1497431369,"10,02",58080775238,ведро пласт с крышкой 5л 3 шт,,,,,,,5785262551,25017326820260923,3135328444161
Хозяюшка,46288,Штраф за нарушение срока передачи товара,ведро пласт с крышкой 3л 10шт,1497432058,"17,70",58080775237,ведро пласт с крышкой 3л 10шт,,,,,,,5785262549,25017326820260923,3135328444160
Хозяюшка,46288,Штраф за нарушение срока передачи товара,ведро пласт с крышкой 10 л 3 шт,1523255615,"3,52",58081804908,ведро пласт с крышкой 10 л 3 шт,,,,,,,5786312809,25017326820260923,3135328444159
Хозяюшка,46288,Штраф за нарушение срока передачи товара,ведро пласт с крышкой 10 л 3 шт,1523255615,"220,02",58042767123,ведро пласт с крышкой 10 л 3 шт,,,,,,,5775053492,25017326820260923,3135328444158
Хозяюшка,46288,Штраф за нарушение срока передачи товара,цемент - 10 кг,1508796599,"29,20",58054472630,цемент - 10 кг,,,,,,,5780970466,25017326820260923,3135328444157
Хозяюшка,46288,Штраф за нарушение срока передачи товара,цемент - 10 кг,1508796599,"145,40",57999992506,цемент - 10 кг,,,,,,,5768677397,25017326820260923,3135328444156
Хозяюшка,46288,Штраф за нарушение срока передачи товара,цемент 10 кг + 40 л таз,1522843292,"477,09",57887351547,цемент 10 кг + 40 л таз,,,,,,,5761858912,25017326820260923,3135328444155
Хозяюшка,46288,Штраф за нарушение срока передачи товара,ведро пласт с крышкой 10л 1 шт,1497431550,"95,37",58005851728,ведро пласт с крышкой 10л 1 шт,,,,,,,5772885626,25017326820260923,3135328444154
Хозяюшка,46288,Штраф за нарушение срока передачи товара,ведро пласт с крышкой 8л 5 шт,1523299470,"33,97",58053681889,ведро пласт с крышкой 8л 5 шт,,,,,,,5780162493,25017326820260923,3135328444153
Хозяюшка,46288,Штраф за нарушение срока передачи товара,ведро пласт с крышкой 3л 5шт,1497431960,"123,75",58007080471,ведро пласт с крышкой 3л 5шт,,,,,,,5773579072,25017326820260923,3135328444152
Хозяюшка,46288,Штраф за нарушение срока передачи товара,цемент - 20 кг,1508796600,"121,81",58035964707,цемент - 20 кг,,,,,,,5774866494,25017326820260923,3135328444151
Хозяюшка,46288,Штраф за нарушение срока передачи товара,ведро пласт с крышкой 5л 3 шт,1497431369,"639,00",57781656521,ведро пласт с крышкой 5л 3 шт,,,,,,,5720681359,25017326820260923,3135328444150
Хозяюшка,46288,Штраф за нарушение срока передачи товара,гипс 2 кг,1543004429,"9,88",58052111799,гипс 2 кг,,,,,,,5779109374,25017326820260923,3135328444149
Хозяюшка,46288,Штраф за нарушение срока передачи товара,цемент - 5 кг,1508796598,"32,61",58048889746,цемент - 5 кг,,,,,,,5776292454,25017326820260923,3135328444148
Хозяюшка,46288,Штраф за нарушение срока передачи товара,ведро пласт с крышкой 3л 5шт,1497431960,"112,20",58007080462,ведро пласт с крышкой 3л 5шт,,,,,,,5773579067,25017326820260923,3135328444147
Хозяюшка,46288,Штраф за нарушение срока передачи товара,ведро пласт с крышкой 8л 5 шт,1523299470,"167,39",58048575718,ведро пласт с крышкой 8л 5 шт,,,,,,,5775977655,25017326820260923,3135328444146
Хозяюшка,46288,Штраф за нарушение срока передачи товара,ведро пласт с крышкой 10л 1 шт,1497431550,"58,88",58049213302,ведро пласт с крышкой 10л 1 шт,,,,,,,5776614123,25017326820260923,3135328444145
Хозяюшка,46288,Штраф за нарушение срока передачи товара,ведро пласт с крышкой 3л 5шт,1497431960,"51,35",58050522630,ведро пласт с крышкой 3л 5шт,,,,,,,5778155626,25017326820260923,3135328444144
Хозяюшка,46288,Штраф за нарушение срока передачи товара,ведро пласт с крышкой 10 л 3 шт,1523255615,"158,86",58023839306,ведро пласт с крышкой 10 л 3 шт,,,,,,,5774021137,25017326820260923,3135328444143
Хозяюшка,46288,Штраф за нарушение срока передачи товара,ведро пласт с крышкой 10л 1 шт,1497431550,"67,95",58047487995,ведро пласт с крышкой 10л 1 шт,,,,,,,5775377586,25017326820260923,3135328444142
Хозяюшка,46288,Штраф за нарушение срока передачи товара,ведро пласт с крышкой 10 л 3 шт,1523255615,"15,23",58053587102,ведро пласт с крышкой 10 л 3 шт,,,,,,,5780062232,25017326820260923,3135328444141
Хозяюшка,46288,Штраф за нарушение срока передачи товара,ведро пласт с крышкой 3л 5шт,1497431960,"72,31",58050120102,ведро пласт с крышкой 3л 5шт,,,,,,,5777467521,25017326820260923,3135328444140
Хозяюшка,46288,Штраф за нарушение срока передачи товара,ведро пласт с крышкой 8л 5 шт,1523299470,"9,35",58054432351,ведро пласт с крышкой 8л 5 шт,,,,,,,5780871925,25017326820260923,3135328444139
Хозяюшка,46288,Штраф за нарушение срока передачи товара,ведро пласт с крышкой 10 л 3 шт,1523255615,"156,40",58023965250,ведро пласт с крышкой 10 л 3 шт,,,,,,,5774148368,25017326820260923,3135328444138
Хозяюшка,46288,Штраф за нарушение срока передачи товара,цемент - 15 кг,1515370148,"410,97",57932886156,цемент - 15 кг,,,,,,,5751868512,25017326820260923,3135328444137
Хозяюшка,46288,Штраф за нарушение срока передачи товара,ведро пласт с крышкой 3л 5шт,1497431960,"3,68",58054545282,ведро пласт с крышкой 3л 5шт,,,,,,,5781042282,25017326820260923,3135328444136
Саныч,46288,Штраф за нарушение срока передачи товара,известь 20 кг,566189861,"68,04",58055605339,известь 20 кг,,,,,,,5782103703,25005056320260923,3135324557606
Саныч,46288,Штраф за нарушение срока передачи товара,известь 20 кг,566189861,"24,43",58081065066,известь 20 кг,,,,,,,5785557029,25005056320260923,3135324557605
Саныч,46288,Штраф за нарушение срока передачи товара,известь 20 кг,566189861,"19,20",58081579382,известь 20 кг,,,,,,,5786079880,25005056320260923,3135324557604
Саныч,46288,Штраф за нарушение срока передачи товара,грабли 1шт 22зуб мет (с черенком),1275035965,"155,88",58002366915,грабли 1шт 22зуб мет (с черенком),,,,,,,5770593322,25005056320260923,3135324557603
Саныч,46288,Штраф за нарушение срока передачи товара,грабли 1шт 22зуб мет (с черенком),1275035965,"116,89",58047673471,грабли 1шт 22зуб мет (с черенком),,,,,,,5775459674,25005056320260923,3135324557602
Саныч,46288,Штраф за нарушение срока передачи товара,грабли 1шт 22зуб мет (с черенком),1275035965,"64,07",58051101564,грабли 1шт 22зуб мет (с черенком),,,,,,,5779264732,25005056320260923,3135324557601
Саныч,46288,Штраф за нарушение срока передачи товара,грабли 1шт 22зуб мет (с черенком),1275035965,"126,45",58028578556,грабли 1шт 22зуб мет (с черенком),,,,,,,5774256944,25005056320260923,3135324557600
Саныч,46288,Штраф за нарушение срока передачи товара,ведро 12л 3шт,1124967279,"5,78",58081181914,ведро 12л 3шт,,,,,,,5785674378,25005056320260923,3135324557599
Саныч,46288,Штраф за нарушение срока передачи товара,грабли 1шт 22зуб мет (с черенком),1275035965,"138,70",58005748020,грабли 1шт 22зуб мет (с черенком),,,,,,,5772717635,25005056320260923,3135324557598
Саныч,46288,Штраф за нарушение срока передачи товара,грабли 1шт 22зуб мет (с черенком),1275035965,"132,27",58007046220,грабли 1шт 22зуб мет (с черенком),,,,,,,5773544710,25005056320260923,3135324557597
Саныч,46288,Штраф за нарушение срока передачи товара,грабли 1шт 22зуб мет (с черенком),1275035965,"263,07",57941860206,грабли 1шт 22зуб мет (с черенком),,,,,,,5761023300,25005056320260923,3135324557596
Саныч,46288,Штраф за нарушение срока передачи товара,грабли 1шт 22зуб мет (с черенком),1275035965,"124,80",58028843037,грабли 1шт 22зуб мет (с черенком),,,,,,,5774529104,25005056320260923,3135324557595
Саныч,46288,Штраф за нарушение срока передачи товара,известь 4 кг,566189858,"18,07",58054808775,известь 4 кг,,,,,,,5781317058,25005056320260923,3135324557594
Саныч,46288,Штраф за нарушение срока передачи товара,метла гардена с черенком,1588037156,"27,61",58055601634,метла гардена с черенком,,,,,,,5782100030,25005056320260923,3135324557593
Саныч,46288,Штраф за нарушение срока передачи товара,грабли 1шт 22зуб мет (с черенком),1275035965,"126,82",58024006054,грабли 1шт 22зуб мет (с черенком),,,,,,,5774188395,25005056320260923,3135324557592
Саныч,46288,Штраф за нарушение срока передачи товара,грабли 1шт 22зуб мет (с черенком),1275035965,"175,45",58000162520,грабли 1шт 22зуб мет (с черенком),,,,,,,5768904135,25005056320260923,3135324557591
Саныч,46288,Штраф за нарушение срока передачи товара,"лопаташтык с черенком (перч,саморез2)",1299169518,"31,63",58055595963,"лопаташтык с черенком (перч,саморез2)",,,,,,,5782094518,25005056320260923,3135324557590
Саныч,46288,Штраф за нарушение срока передачи товара,грабли 1шт 22зуб мет (с черенком),1275035965,"249,63",57952646570,грабли 1шт 22зуб мет (с черенком),,,,,,,5762736366,25005056320260923,3135324557589
Саныч,46288,Штраф за нарушение срока передачи товара,грабли 1шт 22зуб мет (с черенком),1275035965,"106,73",58049176895,грабли 1шт 22зуб мет (с черенком),,,,,,,5776592977,25005056320260923,3135324557588
Саныч,46288,Штраф за нарушение срока передачи товара,грабли 1шт 22зуб мет (с черенком),1275035965,"34,38",58054821534,грабли 1шт 22зуб мет (с черенком),,,,,,,5781329297,25005056320260923,3135324557587
Саныч,46288,Штраф за нарушение срока передачи товара,лоток кр 12 бп,1182677932,"430,60",57936848736,лоток кр 12 бп,,,,,,,5755280933,25005056320260923,3135324557586
Саныч,46288,Штраф за нарушение срока передачи товара,грабли 1шт 22зуб мет (с черенком),1275035965,"33,39",58054970942,грабли 1шт 22зуб мет (с черенком),,,,,,,5781478585,25005056320260923,3135324557585
Саныч,46288,Штраф за нарушение срока передачи товара,грабли 1шт 22зуб мет (с черенком),1275035965,"162,60",58001004984,грабли 1шт 22зуб мет (с черенком),,,,,,,5769798701,25005056320260923,3135324557584
Саныч,46288,Штраф за нарушение срока передачи товара,"лопаташтык с черенком (перч,саморез2)",1299169518,"2,66",58081579811,"лопаташтык с черенком (перч,саморез2)",,,,,,,5786080309,25005056320260923,3135324557583
Саныч,46288,Штраф за нарушение срока передачи товара,грабли 1шт 22зуб мет (с черенком),1275035965,"148,71",58003235582,грабли 1шт 22зуб мет (с черенком),,,,,,,5771465752,25005056320260923,3135324557582
Саныч,46288,Штраф за нарушение срока передачи товара,метла гардена с черенком,1588037156,"26,59",58055773620,метла гардена с черенком,,,,,,,5782276129,25005056320260923,3135324557581
Саныч,46288,Штраф за нарушение срока передачи товара,известь 4кг,771729737,"12,64",58064700226,известь 4кг,,,,,,,5782603240,25005056320260923,3135324557580
Саныч,46288,Штраф за нарушение срока передачи товара,известь 4 кг,566189858,"64,66",58023909146,известь 4 кг,,,,,,,5774092393,25005056320260923,3135324557579
Саныч,46288,Штраф за нарушение срока передачи товара,грабли 1шт 15зуб мет(перч),1266418446,"115,90",58048493912,грабли 1шт 15зуб мет(перч),,,,,,,5775897105,25005056320260923,3135324557578
Саныч,46288,Штраф за нарушение срока передачи товара,грабли 1шт 22зуб мет (с черенком),1275035965,"38,39",58054251617,грабли 1шт 22зуб мет (с черенком),,,,,,,5780751083,25005056320260923,3135324557577
Саныч,46288,Штраф за нарушение срока передачи товара,грабли 1шт 22зуб мет (с черенком),1275035965,"125,33",58028710836,грабли 1шт 22зуб мет (с черенком),,,,,,,5774396527,25005056320260923,3135324557576
Саныч,46288,Штраф за нарушение срока передачи товара,известь 10кг + ведро оцинк 12л,1515740424,"19,28",58080505798,известь 10кг + ведро оцинк 12л,,,,,,,5785010050,25005056320260923,3135324557575
Саныч,46288,Штраф за нарушение срока передачи товара,известь 4 кг,566189858,"68,82",58006066811,известь 4 кг,,,,,,,5773098584,25005056320260923,3135324557574
Саныч,46288,Штраф за нарушение срока передачи товара,лоток кр 12 бп,1182677932,"559,45",57886421079,лоток кр 12 бп,,,,,,,5746334140,25005056320260923,3135324557573
Саныч,46288,Штраф за нарушение срока передачи товара,известь 10кг + ведро оцинк 12л,1515740424,"11,49",58081655556,известь 10кг + ведро оцинк 12л,,,,,,,5786154749,25005056320260923,3135324557572
Саныч,46288,Штраф за нарушение срока передачи товара,лоток кр 12 бп,1182677932,"528,75",57926828772,лоток кр 12 бп,,,,,,,5748777890,25005056320260923,3135324557571
Саныч,46288,Штраф за нарушение срока передачи товара,ведро туалет 17л сер,1515475863,"8,44",58081118561,ведро туалет 17л сер,,,,,,,5785609996,25005056320260923,3135324557570
Саныч,46288,Штраф за нарушение срока передачи товара,метла гардена с черенком,1588037156,"34,73",58054436517,метла гардена с черенком,,,,,,,5780875983,25005056320260923,3135324557569
Саныч,46288,Штраф за нарушение срока передачи товара,известь 4 кг,566189858,"33,11",58052198581,известь 4 кг,,,,,,,5779212340,25005056320260923,3135324557568
Саныч,46288,Штраф за нарушение срока передачи товара,грабли 1шт 22зуб мет (с черенком),1275035965,"256,50",57887332763,грабли 1шт 22зуб мет (с черенком),,,,,,,5761840064,25005056320260923,3135324557567
Саныч,46288,Штраф за нарушение срока передачи товара,бидон 10л 2шт,1249688169,"32,50",58064732633,бидон 10л 2шт,,,,,,,5782634054,25005056320260923,3135324557566
Саныч,46288,Штраф за нарушение срока передачи товара,ведро оцинкованное 15 л 3шт,1241057288,"27,76",58077976986,ведро оцинкованное 15 л 3шт,,,,,,,5784344379,25005056320260923,3135324557565
Саныч,46288,Штраф за нарушение срока передачи товара,грабли 1шт 22зуб мет (с черенком),1275035965,"237,45",57973755869,грабли 1шт 22зуб мет (с черенком),,,,,,,5764178238,25005056320260923,3135324557564
Саныч,46288,Штраф за нарушение срока передачи товара,грабли 1шт 22зуб мет (с черенком),1275035965,"171,49",58000326027,грабли 1шт 22зуб мет (с черенком),,,,,,,5769067560,25005056320260923,3135324557563
Саныч,46288,Штраф за нарушение срока передачи товара,грабли 1шт 22зуб мет (с черенком),1275035965,"24,97",58070252164,грабли 1шт 22зуб мет (с черенком),,,,,,,5782877335,25005056320260923,3135324557562
Саныч,46288,Штраф за нарушение срока передачи товара,бидон 10л 1шт,1249688168,"22,23",58055443339,бидон 10л 1шт,,,,,,,5781948871,25005056320260923,3135324557561
Саныч,46288,Штраф за нарушение срока передачи товара,"лопаташтык с черенком (перч,саморез2)",1299169518,"8,76",58080605450,"лопаташтык с черенком (перч,саморез2)",,,,,,,5785088362,25005056320260923,3135324557560
Саныч,46288,Штраф за нарушение срока передачи товара,известь 10кг + ведро оцинк 12л,1515740424,"26,07",58078197523,известь 10кг + ведро оцинк 12л,,,,,,,5784563267,25005056320260923,3135324557559
Саныч,46288,Штраф за нарушение срока передачи товара,бидон 10л 1шт,1249688168,"22,15",58055443332,бидон 10л 1шт,,,,,,,5781948870,25005056320260923,3135324557558
Саныч,46288,Штраф за нарушение срока передачи товара,кашпо б 3л 4шт,1244428801,"13,80",58078876337,кашпо б 3л 4шт,,,,,,,5784681215,25005056320260923,3135324557557
Саныч,46288,Штраф за нарушение срока передачи товара,грабли 1шт 22зуб мет (с черенком),1275035965,"226,99",57983884659,грабли 1шт 22зуб мет (с черенком),,,,,,,5765400075,25005056320260923,3135324557556
Саныч,46288,Штраф за нарушение срока передачи товара,лоток кр 12 бп,1182677932,"413,84",57929002431,лоток кр 12 бп,,,,,,,5756961866,25005056320260923,3135324557555
Саныч,46288,Штраф за нарушение срока передачи товара,грабли 1шт 22зуб мет (с черенком),1275035965,"260,23",57942232091,грабли 1шт 22зуб мет (с черенком),,,,,,,5761388925,25005056320260923,3135324557554
Саныч,46288,Штраф за нарушение срока передачи товара,грабли 1шт 22зуб мет (с черенком),1275035965,"161,85",58001160100,грабли 1шт 22зуб мет (с черенком),,,,,,,5769962592,25005056320260923,3135324557553
Саныч,46288,Штраф за нарушение срока передачи товара,грабли 1шт 22зуб мет (с черенком),1275035965,"13,53",58077864395,грабли 1шт 22зуб мет (с черенком),,,,,,,5784230876,25005056320260923,3135324557552
Саныч,46288,Штраф за нарушение срока передачи товара,грабли 1шт 22зуб мет (с черенком),1275035965,"3,62",58081423925,грабли 1шт 22зуб мет (с черенком),,,,,,,5785935864,25005056320260923,3135324557551
Саныч,46288,Штраф за нарушение срока передачи товара,грабли 1шт 22зуб мет (с черенком),1275035965,"15,57",58077494824,грабли 1шт 22зуб мет (с черенком),,,,,,,5783879865,25005056320260923,3135324557550
Саныч,46288,Штраф за нарушение срока передачи товара,грабли 1шт 22зуб мет (с черенком),1275035965,"135,49",58006150749,грабли 1шт 22зуб мет (с черенком),,,,,,,5773184971,25005056320260923,3135324557549
Саныч,46288,Штраф за нарушение срока передачи товара,грабли 1шт 22зуб мет (с черенком),1275035965,"137,95",58005922902,грабли 1шт 22зуб мет (с черенком),,,,,,,5772954760,25005056320260923,3135324557548
Саныч,46288,Штраф за нарушение срока передачи товара,известь 4 кг,566189858,"52,78",58049467278,известь 4 кг,,,,,,,5776869478,25005056320260923,3135324557547
Саныч,46288,Штраф за нарушение срока передачи товара,ведро туалет 17л сер,1515475863,"21,36",58077658545,ведро туалет 17л сер,,,,,,,5784010499,25005056320260923,3135324557546
Саныч,46288,Штраф за нарушение срока передачи товара,грабли 1шт 22зуб мет (с черенком),1275035965,"254,86",57887603082,грабли 1шт 22зуб мет (с черенком),,,,,,,5762095907,25005056320260923,3135324557545
Саныч,46288,Штраф за нарушение срока передачи товара,"лопаташтык с черенком (перч,саморез2)",1299169518,"5,44",58081133205,"лопаташтык с черенком (перч,саморез2)",,,,,,,5785624374,25005056320260923,3135324557544
Саныч,46288,Штраф за нарушение срока передачи товара,"лопатасовк с черенком (перч,саморез2)",1299201993,"289,12",57941182224,"лопатасовк с черенком (перч,саморез2)",,,,,,,5760330431,25005056320260923,3135324557543
Саныч,46288,Штраф за нарушение срока передачи товара,ведро туалет 17л сер,1515475863,"41,21",58055734481,ведро туалет 17л сер,,,,,,,5782232685,25005056320260923,3135324557542
Саныч,46288,Штраф за нарушение срока передачи товара,известь 4 кг,566189858,"31,69",58052978367,известь 4 кг,,,,,,,5779405103,25005056320260923,3135324557541
Саныч,46288,Штраф за нарушение срока передачи товара,ведро туалет 17л сер,1515475863,"33,18",58076224178,ведро туалет 17л сер,,,,,,,5783113635,25005056320260923,3135324557540
Саныч,46288,Штраф за нарушение срока передачи товара,ведро туалет 17л сер,1515475863,"11,39",58080766187,ведро туалет 17л сер,,,,,,,5785252906,25005056320260923,3135324557539
Саныч,46288,Штраф за нарушение срока передачи товара,известь 4 кг,566189858,"64,55",58023829459,известь 4 кг,,,,,,,5774010333,25005056320260923,3135324557538
Саныч,46288,Штраф за нарушение срока передачи товара,известь 4кг,771729737,"0,44",58084370947,известь 4кг,,,,,,,5788636741,25005056320260923,3135324557537
Саныч,46288,Штраф за нарушение срока передачи товара,ведро туалет 17л сер,1515475863,"2,25",58081932664,ведро туалет 17л сер,,,,,,,5786441548,25005056320260923,3135324557536
Саныч,46288,Штраф за нарушение срока передачи товара,грабли 1шт 22зуб мет (с черенком),1275035965,"133,69",58006982045,грабли 1шт 22зуб мет (с черенком),,,,,,,5773467436,25005056320260923,3135324557535
Саныч,46288,Штраф за нарушение срока передачи товара,грабли 1шт 22зуб мет (с черенком),1275035965,"102,99",58049780084,грабли 1шт 22зуб мет (с черенком),,,,,,,5777184477,25005056320260923,3135324557534
Саныч,46288,Штраф за нарушение срока передачи товара,грабли 1шт 22зуб мет (с черенком),1275035965,"55,78",58053460116,грабли 1шт 22зуб мет (с черенком),,,,,,,5779925697,25005056320260923,3135324557533
Саныч,46288,Штраф за нарушение срока передачи товара,известь 10кг + ведро оцинк 12л,1515740424,"42,25",58064618758,известь 10кг + ведро оцинк 12л,,,,,,,5782518892,25005056320260923,3135324557532
Саныч,46288,Штраф за нарушение срока передачи товара,грабли 1шт 22зуб мет (с черенком),1275035965,"143,55",58003856476,грабли 1шт 22зуб мет (с черенком),,,,,,,5772094140,25005056320260923,3135324557531
Саныч,46288,Штраф за нарушение срока передачи товара,грабли 1шт 22зуб мет (с черенком),1275035965,"36,59",58054328033,грабли 1шт 22зуб мет (с черенком),,,,,,,5780913988,25005056320260923,3135324557530
Саныч,46288,Штраф за нарушение срока передачи товара,грабли 1шт 22зуб мет (с черенком),1275035965,"219,30",57996251120,грабли 1шт 22зуб мет (с черенком),,,,,,,5766266982,25005056320260923,3135324557529
Саныч,46288,Штраф за нарушение срока передачи товара,метла гардена с черенком,1588037156,"7,67",58080636394,метла гардена с черенком,,,,,,,5785120742,25005056320260923,3135324557528
Саныч,46288,Штраф за нарушение срока передачи товара,известь 4кг,771729737,"14,48",58055332628,известь 4кг,,,,,,,5781840526,25005056320260923,3135324557527
Саныч,46288,Штраф за нарушение срока передачи товара,"лопаташтык с черенком (перч,саморез2)",1299169518,"11,86",58078235662,"лопаташтык с черенком (перч,саморез2)",,,,,,,5784605043,25005056320260923,3135324557526
Саныч,46288,Штраф за нарушение срока передачи товара,вилы копальные с черенком,1263874797,"3,32",58081816986,вилы копальные с черенком,,,,,,,5786329392,25005056320260923,3135324557525
Саныч,46288,Штраф за нарушение срока передачи товара,лоток кр 12 бп,1182677932,"569,15",57885402006,лоток кр 12 бп,,,,,,,5744922994,25005056320260923,3135324557524
Саныч,46288,Штраф за нарушение срока передачи товара,ведро 20л 5шт,1124967288,"47,13",58076467251,ведро 20л 5шт,,,,,,,5783362969,25005056320260923,3135324557523
Саныч,46288,Штраф за нарушение срока передачи товара,лоток кр 12 бп,1182677932,"439,61",57935918231,лоток кр 12 бп,,,,,,,5754350988,25005056320260923,3135324557522
Саныч,46288,Штраф за нарушение срока передачи товара,"лопаташтык с черенком (перч,саморез2)",1299169518,"12,93",58078036069,"лопаташтык с черенком (перч,саморез2)",,,,,,,5784403596,25005056320260923,3135324557521
Саныч,46288,Штраф за нарушение срока передачи товара,грабли 1шт 22зуб мет (с черенком),1275035965,"21,37",58076501518,грабли 1шт 22зуб мет (с черенком),,,,,,,5783396547,25005056320260923,3135324557520
Саныч,46288,Штраф за нарушение срока передачи товара,метла гардена с черенком,1588037156,"30,47",58055160575,метла гардена с черенком,,,,,,,5781665613,25005056320260923,3135324557519
Саныч,46288,Штраф за нарушение срока передачи товара,бидон 10л 1шт,1249688168,"10,20",58076184892,бидон 10л 1шт,,,,,,,5784107683,25005056320260923,3135324557518
Саныч,46288,Штраф за нарушение срока передачи товара,грабли 1шт 22зуб мет (с черенком),1275035965,"16,62",58076958479,грабли 1шт 22зуб мет (с черенком),,,,,,,5783682851,25005056320260923,3135324557517
Саныч,46288,Штраф за нарушение срока передачи товара,ведро туалет 17л сер,1515475863,"2,32",58081821444,ведро туалет 17л сер,,,,,,,5786333886,25005056320260923,3135324557516
Саныч,46288,Штраф за нарушение срока передачи товара,грабли 1шт 22зуб мет (с черенком),1275035965,"108,59",58048977335,грабли 1шт 22зуб мет (с черенком),,,,,,,5776382111,25005056320260923,3135324557515
Саныч,46288,Штраф за нарушение срока передачи товара,грабли 1шт 22зуб мет (с черенком),1275035965,"103,59",58049643119,грабли 1шт 22зуб мет (с черенком),,,,,,,5777044472,25005056320260923,3135324557514
Саныч,46288,Штраф за нарушение срока передачи товара,вилы копальные с черенком,1263874797,"223,67",58048972543,вилы копальные с черенком,,,,,,,5776377315,25005056320260923,3135324557513
Саныч,46288,Штраф за нарушение срока передачи товара,метла гардена с черенком,1588037156,"15,67",58076935786,метла гардена с черенком,,,,,,,5783673951,25005056320260923,3135324557512
Саныч,46288,Штраф за нарушение срока передачи товара,грабли 1шт 22зуб мет (с черенком),1275035965,"202,12",57999284868,грабли 1шт 22зуб мет (с черенком),,,,,,,5768110211,25005056320260923,3135324557511
Саныч,46288,Штраф за нарушение срока передачи товара,кашпо б 5л 4шт,1244428805,"160,75",58005921573,кашпо б 5л 4шт,,,,,,,5772953401,25005056320260923,3135324557510
Саныч,46288,Штраф за нарушение срока передачи товара,известь 4 кг,566189858,"56,05",58048729762,известь 4 кг,,,,,,,5776132549,25005056320260923,3135324557509
Саныч,46288,Штраф за нарушение срока передачи товара,грабли 1шт 22зуб мет (с черенком),1275035965,"204,28",57999126943,грабли 1шт 22зуб мет (с черенком),,,,,,,5767949174,25005056320260923,3135324557508
Саныч,46288,Штраф за нарушение срока передачи товара,грабли 1шт 22зуб мет (с черенком),1275035965,"204,14",57999126950,грабли 1шт 22зуб мет (с черенком),,,,,,,5767949175,25005056320260923,3135324557507
Саныч,46288,Штраф за нарушение срока передачи товара,грабли 1шт 22зуб мет (с черенком),1275035965,"23,22",58076233301,грабли 1шт 22зуб мет (с черенком),,,,,,,5783122756,25005056320260923,3135324557506
Саныч,46288,Штраф за нарушение срока передачи товара,грабли 1шт 22зуб мет (с черенком),1275035965,"239,92",57967973103,грабли 1шт 22зуб мет (с черенком),,,,,,,5763897937,25005056320260923,3135324557505
Саныч,46288,Штраф за нарушение срока передачи товара,грабли 1шт 22зуб мет (с черенком),1275035965,"204,14",57999126935,грабли 1шт 22зуб мет (с черенком),,,,,,,5767949170,25005056320260923,3135324557504
Саныч,46288,Штраф за нарушение срока передачи товара,"лопатасовк с черенком (перч,саморез2)",1299201993,"38,37",58054561418,"лопатасовк с черенком (перч,саморез2)",,,,,,,5781059043,25005056320260923,3135324557503
Саныч,46288,Штраф за нарушение срока передачи товара,"лопатасовк с черенком (перч,саморез2)",1299201993,"38,43",58054561423,"лопатасовк с черенком (перч,саморез2)",,,,,,,5781059045,25005056320260923,3135324557502
Саныч,46288,Штраф за нарушение срока передачи товара,"лопатасовк с черенком (перч,саморез2)",1299201993,"38,37",58054561430,"лопатасовк с черенком (перч,саморез2)",,,,,,,5781059049,25005056320260923,3135324557501
Саныч,46288,Штраф за нарушение срока передачи товара,грабли 1шт 22зуб мет (с черенком),1275035965,"116,66",58047666870,грабли 1шт 22зуб мет (с черенком),,,,,,,5775556604,25005056320260923,3135324557500
Саныч,46288,Штраф за нарушение срока передачи товара,известь 6 кг,566189859,"9,49",58076511222,известь 6 кг,,,,,,,5783405713,25005056320260923,3135324557499
Саныч,46288,Штраф за нарушение срока передачи товара,известь 2 кг,566189857,"6,54",58070171616,известь 2 кг,,,,,,,5782771719,25005056320260923,3135324557498
Саныч,46288,Штраф за нарушение срока передачи товара,известь 6 кг,566189859,"9,07",58076613905,известь 6 кг,,,,,,,5783507650,25005056320260923,3135324557497
Саныч,46288,Штраф за нарушение срока передачи товара,известь 4кг,771729737,"1,40",58080633007,известь 4кг,,,,,,,5785117198,25005056320260923,3135324557496
Саныч,46288,Штраф за нарушение срока передачи товара,известь 2 кг,566189857,"3,20",58077922038,известь 2 кг,,,,,,,5784287533,25005056320260923,3135324557495
Саныч,46288,Штраф за нарушение срока передачи товара,известь 2 кг,566189857,"1,25",58080697171,известь 2 кг,,,,,,,5785181334,25005056320260923,3135324557494
Саныч,46288,Штраф за нарушение срока передачи товара,известь 6 кг,566189859,"4,15",58078932638,известь 6 кг,,,,,,,5784751609,25005056320260923,3135324557493
Саныч,46288,Штраф за нарушение срока передачи товара,известь 2 кг,566189857,"0,78",58080760801,известь 2 кг,,,,,,,5785247588,25005056320260923,3135324557492
Саныч,46288,Штраф за нарушение срока передачи товара,известь 6 кг,566189859,"9,38",58076525324,известь 6 кг,,,,,,,5783419249,25005056320260923,3135324557491
Саныч,46288,Штраф за нарушение срока передачи товара,известь 6 кг,566189859,"9,14",58076567622,известь 6 кг,,,,,,,5783461475,25005056320260923,3135324557490
Саныч,46288,Штраф за нарушение срока передачи товара,известь 4кг,771729737,"9,60",58055445569,известь 4кг,,,,,,,5781951161,25005056320260923,3135324557489
Саныч,46288,Штраф за нарушение срока передачи товара,известь 6 кг,566189859,"1,57",58080891733,известь 6 кг,,,,,,,5785384800,25005056320260923,3135324557488
Саныч,46288,Штраф за нарушение срока передачи товара,известь 2 кг,566189857,"2,86",58078077781,известь 2 кг,,,,,,,5784446589,25005056320260923,3135324557487
Саныч,46288,Штраф за нарушение срока передачи товара,известь 6 кг,566189859,"11,71",58070276593,известь 6 кг,,,,,,,5782825537,25005056320260923,3135324557486
Саныч,46288,Штраф за нарушение срока передачи товара,ведро туалет 17л сер,1515475863,"2,46",58064604871,ведро туалет 17л сер,,,,,,,5782505646,25005056320260923,3135324557485
Саныч,46288,Штраф за нарушение срока передачи товара,известь 4 кг,566189858,"42,60",58048654024,известь 4 кг,,,,,,,5776058266,25005056320260923,3135324557484
Саныч,46288,Штраф за нарушение срока передачи товара,известь 4 кг,566189858,"38,56",58049693151,известь 4 кг,,,,,,,5777098542,25005056320260923,3135324557483
Саныч,46288,Штраф за нарушение срока передачи товара,известь 4 кг,566189858,"0,01",58076687327,известь 4 кг,,,,,,,5783581466,25005056320260923,3135324557482
Саныч,46288,Штраф за нарушение срока передачи товара,известь 4 кг,566189858,"11,02",58053630894,известь 4 кг,,,,,,,5780113818,25005056320260923,3135324557481
Саныч,46288,Штраф за нарушение срока передачи товара,известь 4 кг,566189858,"38,41",58049724777,известь 4 кг,,,,,,,5777129965,25005056320260923,3135324557480
Саныч,46288,Штраф за нарушение срока передачи товара,известь 4 кг,566189858,"28,27",58050975135,известь 4 кг,,,,,,,5778661579,25005056320260923,3135324557479
Саныч,46288,Штраф за нарушение срока передачи товара,известь 4 кг,566189858,"11,89",58053390984,известь 4 кг,,,,,,,5779857997,25005056320260923,3135324557478
Саныч,46288,Штраф за нарушение срока передачи товара,известь 4 кг,566189858,"45,61",58047444321,известь 4 кг,,,,,,,5775329561,25005056320260923,3135324557477
Саныч,46288,Штраф за нарушение срока передачи товара,известь 4 кг,566189858,"17,23",58051970649,известь 4 кг,,,,,,,5778960393,25005056320260923,3135324557476
Саныч,46288,Штраф за нарушение срока передачи товара,известь 4 кг,566189858,"13,10",58053124761,известь 4 кг,,,,,,,5779570003,25005056320260923,3135324557475
Саныч,46288,Штраф за нарушение срока передачи товара,известь 4 кг,566189858,"45,35",58047504627,известь 4 кг,,,,,,,5775393690,25005056320260923,3135324557474
Саныч,46288,Штраф за нарушение срока передачи товара,известь 4 кг,566189858,"5,29",58055167551,известь 4 кг,,,,,,,5781672607,25005056320260923,3135324557473
Саныч,46288,Штраф за нарушение срока передачи товара,известь 4кг,771729737,"4,02",58055149454,известь 4кг,,,,,,,5781654250,25005056320260923,3135324557472
Саныч,46288,Штраф за нарушение срока передачи товара,ведро туалет 17л сер,1515475863,"8,58",58055268089,ведро туалет 17л сер,,,,,,,5781685823,25005056320260923,3135324557471
Саныч,46288,Штраф за нарушение срока передачи товара,известь 4 кг,566189858,"47,99",58035972045,известь 4 кг,,,,,,,5774781165,25005056320260923,3135324557470
Саныч,46288,Штраф за нарушение срока передачи товара,бидон 15л,1588048269,"4,52",58070175935,бидон 15л,,,,,,,5782776039,25005056320260923,3135324557469
Саныч,46288,Штраф за нарушение срока передачи товара,известь 4 кг,566189858,"7,14",58054464372,известь 4 кг,,,,,,,5780962590,25005056320260923,3135324557468
Саныч,46288,Штраф за нарушение срока передачи товара,бидон 5л 1шт,1246051832,"2,44",58070292990,бидон 5л 1шт,,,,,,,5782890996,25005056320260923,3135324557467
Саныч,46288,Штраф за нарушение срока передачи товара,известь 4 кг,566189858,"4,05",58055638247,известь 4 кг,,,,,,,5782137440,25005056320260923,3135324557466
Саныч,46288,Штраф за нарушение срока передачи товара,известь 4 кг,566189858,"53,37",58006992365,известь 4 кг,,,,,,,5773477609,25005056320260923,3135324557465
Саныч,46288,Штраф за нарушение срока передачи товара,ведро туалет 17л беж,1442769822,"4,17",58076137296,ведро туалет 17л беж,,,,,,,5783038484,25005056320260923,3135324557464
Саныч,46288,Штраф за нарушение срока передачи товара,известь 4 кг,566189858,"50,62",58023963730,известь 4 кг,,,,,,,5774146809,25005056320260923,3135324557463
Саныч,46288,Штраф за нарушение срока передачи товара,известь 4 кг,566189858,"11,02",58053630049,известь 4 кг,,,,,,,5780112972,25005056320260923,3135324557462
Саныч,46288,Штраф за нарушение срока передачи товара,известь 4 кг,566189858,"4,84",58055339009,известь 4 кг,,,,,,,5781846917,25005056320260923,3135324557461
Саныч,46288,Штраф за нарушение срока передачи товара,известь 4 кг,566189858,"3,85",58055703614,известь 4 кг,,,,,,,5782202822,25005056320260923,3135324557460
Саныч,46288,Штраф за нарушение срока передачи товара,ведро туалет 17л беж,1442769822,"11,18",58055622492,ведро туалет 17л беж,,,,,,,5782120854,25005056320260923,3135324557459
Саныч,46288,Штраф за нарушение срока передачи товара,кашпо к 3л 8шт,1242230429,"183,98",58023948682,кашпо к 3л 8шт,,,,,,,5774131739,25005056320260923,3135324557458
Саныч,46288,Штраф за нарушение срока передачи товара,ведро туалет 17л беж,1442769822,"4,44",58070403892,ведро туалет 17л беж,,,,,,,5783006526,25005056320260923,3135324557457
Саныч,46288,Штраф за нарушение срока передачи товара,известь 4кг,771729737,"0,52",58076446824,известь 4кг,,,,,,,5783335702,25005056320260923,3135324557456
Саныч,46288,Штраф за нарушение срока передачи товара,ведро туалет 17л беж,1442769822,"10,22",58055750347,ведро туалет 17л беж,,,,,,,5782249111,25005056320260923,3135324557455
Саныч,46288,Штраф за нарушение срока передачи товара,ведро туалет 17л сер,1515475863,"3,21",58064507136,ведро туалет 17л сер,,,,,,,5782407008,25005056320260923,3135324557454
Саныч,46288,Штраф за нарушение срока передачи товара,ведро туалет 17л беж,1442769822,"10,84",58055665110,ведро туалет 17л беж,,,,,,,5782164611,25005056320260923,3135324557453
Саныч,46288,Штраф за нарушение срока передачи товара,ведро оцинкованное 12 л 1шт,1240712757,"10,44",58053851873,ведро оцинкованное 12 л 1шт,,,,,,,5780337193,25005056320260923,3135324557452
Саныч,46288,Штраф за нарушение срока передачи товара,известь 4 кг,566189858,"14,83",58052225296,известь 4 кг,,,,,,,5779237568,25005056320260923,3135324557451
Саныч,46288,Штраф за нарушение срока передачи товара,известь 4 кг,566189858,"1,48",58076162089,известь 4 кг,,,,,,,5783069121,25005056320260923,3135324557450
Саныч,46288,Штраф за нарушение срока передачи товара,бидон 10л 2шт,1249688169,"5,13",58055491440,бидон 10л 2шт,,,,,,,5781990776,25005056320260923,3135324557449
Саныч,46288,Штраф за нарушение срока передачи товара,известь 4 кг,566189858,"12,35",58053291532,известь 4 кг,,,,,,,5779747984,25005056320260923,3135324557448
Саныч,46288,Штраф за нарушение срока передачи товара,грабли 1шт 22зуб мет (без черенка),1275035966,"4,64",58054821539,грабли 1шт 22зуб мет (без черенка),,,,,,,5781329300,25005056320260923,3135324557447
Саныч,46288,Штраф за нарушение срока передачи товара,грабли 1шт 22зуб мет (без черенка),1275035966,"6,69",58054160559,грабли 1шт 22зуб мет (без черенка),,,,,,,5780677980,25005056320260923,3135324557446
Саныч,46288,Штраф за нарушение срока передачи товара,известь 10кг + ведро оцинк 12л,1515740424,"89,87",58047813507,известь 10кг + ведро оцинк 12л,,,,,,,5775701900,25005056320260923,3135324557445
Саныч,46288,Штраф за нарушение срока передачи товара,известь 10кг + ведро оцинк 12л,1515740424,"89,42",58047862983,известь 10кг + ведро оцинк 12л,,,,,,,5775753550,25005056320260923,3135324557444
Саныч,46288,Штраф за нарушение срока передачи товара,известь 10кг + ведро оцинк 12л,1515740424,"91,81",58047626772,известь 10кг + ведро оцинк 12л,,,,,,,5775516342,25005056320260923,3135324557443
Саныч,46288,Штраф за нарушение срока передачи товара,известь 10кг + ведро оцинк 12л,1515740424,"14,24",58053405962,известь 10кг + ведро оцинк 12л,,,,,,,5779873016,25005056320260923,3135324557442
Саныч,46288,Штраф за нарушение срока передачи товара,известь 10кг + ведро оцинк 12л,1515740424,"38,30",58051049730,известь 10кг + ведро оцинк 12л,,,,,,,5778714474,25005056320260923,3135324557441
Саныч,46288,Штраф за нарушение срока передачи товара,грабли 1шт 22зуб мет (без черенка),1275035966,"16,73",58052034072,грабли 1шт 22зуб мет (без черенка),,,,,,,5779024871,25005056320260923,3135324557440
Саныч,46288,Штраф за нарушение срока передачи товара,грабли 1шт 22зуб мет (без черенка),1275035966,"64,89",58004991564,грабли 1шт 22зуб мет (без черенка),,,,,,,5772630552,25005056320260923,3135324557439
Саныч,46288,Штраф за нарушение срока передачи товара,известь 10кг + ведро оцинк 12л,1515740424,"12,24",58053654319,известь 10кг + ведро оцинк 12л,,,,,,,5780136640,25005056320260923,3135324557438
Саныч,46288,Штраф за нарушение срока передачи товара,грабли 1шт 22зуб мет (без черенка),1275035966,"36,94",58050621052,грабли 1шт 22зуб мет (без черенка),,,,,,,5778289380,25005056320260923,3135324557437
Саныч,46288,Штраф за нарушение срока передачи товара,известь 10кг + ведро оцинк 12л,1515740424,"114,02",58006246026,известь 10кг + ведро оцинк 12л,,,,,,,5773283026,25005056320260923,3135324557436
Саныч,46288,Штраф за нарушение срока передачи товара,грабли 1шт 22зуб мет (без черенка),1275035966,"45,94",58048996178,грабли 1шт 22зуб мет (без черенка),,,,,,,5776400232,25005056320260923,3135324557435
Саныч,46288,Штраф за нарушение срока передачи товара,ведро туалет 17л сер,1515475863,"4,66",58055636773,ведро туалет 17л сер,,,,,,,5782135938,25005056320260923,3135324557434
Саныч,46288,Штраф за нарушение срока передачи товара,известь 2кг + ведро оцинк 12л,1515740422,"81,05",58006158140,известь 2кг + ведро оцинк 12л,,,,,,,5773191957,25005056320260923,3135324557433
Саныч,46288,Штраф за нарушение срока передачи товара,грабли 1шт 22зуб мет (без черенка),1275035966,"50,28",58047618179,грабли 1шт 22зуб мет (без черенка),,,,,,,5775508030,25005056320260923,3135324557432
Саныч,46288,Штраф за нарушение срока передачи товара,известь 6кг + ведро оцинк 12л,1515740423,"8,96",58053715562,известь 6кг + ведро оцинк 12л,,,,,,,5780195605,25005056320260923,3135324557431
Саныч,46288,Штраф за нарушение срока передачи товара,грабли 1шт 22зуб мет (без черенка),1275035966,"65,02",58004977279,грабли 1шт 22зуб мет (без черенка),,,,,,,5772616490,25005056320260923,3135324557430
Саныч,46288,Штраф за нарушение срока передачи товара,известь 10кг + ведро оцинк 12л,1515740424,"118,98",58005690527,известь 10кг + ведро оцинк 12л,,,,,,,5772805733,25005056320260923,3135324557429
Саныч,46288,Штраф за нарушение срока передачи товара,известь 4 кг,566189858,"7,16",58052295525,известь 4 кг,,,,,,,5779314949,25005056320260923,3135324557428
Саныч,46288,Штраф за нарушение срока передачи товара,известь 4кг,771729737,"64,02",57998500160,известь 4кг,,,,,,,5767323170,25005056320260923,3135324557427
Саныч,46288,Штраф за нарушение срока передачи товара,известь 4 кг,566189858,"7,78",58052195302,известь 4 кг,,,,,,,5779200821,25005056320260923,3135324557426
Саныч,46288,Штраф за нарушение срока передачи товара,известь 4кг,771729737,"76,78",57957411636,известь 4кг,,,,,,,5763406488,25005056320260923,3135324557425
Саныч,46288,Штраф за нарушение срока передачи товара,известь 4 кг,566189858,"35,10",58048596557,известь 4 кг,,,,,,,5775997791,25005056320260923,3135324557424
Саныч,46288,Штраф за нарушение срока передачи товара,известь 4кг,771729737,"83,40",57942016631,известь 4кг,,,,,,,5761184887,25005056320260923,3135324557423
Саныч,46288,Штраф за нарушение срока передачи товара,известь 4кг,771729737,"83,40",57942016564,известь 4кг,,,,,,,5761184833,25005056320260923,3135324557422
Саныч,46288,Штраф за нарушение срока передачи товара,известь 4кг,771729737,"83,40",57942016753,известь 4кг,,,,,,,5761184940,25005056320260923,3135324557421
Саныч,46288,Штраф за нарушение срока передачи товара,кашпо б 5л 4шт,1244428805,"1,13",58054920369,кашпо б 5л 4шт,,,,,,,5781429525,25005056320260923,3135324557420
Саныч,46288,Штраф за нарушение срока передачи товара,известь 4кг,771729737,"82,67",57886948538,известь 4кг,,,,,,,5761447020,25005056320260923,3135324557419
Саныч,46288,Штраф за нарушение срока передачи товара,известь 4кг,771729737,"75,30",57967946086,известь 4кг,,,,,,,5763866548,25005056320260923,3135324557418
Саныч,46288,Штраф за нарушение срока передачи товара,известь 4кг,771729737,"75,25",57967953944,известь 4кг,,,,,,,5763878804,25005056320260923,3135324557417
Саныч,46288,Штраф за нарушение срока передачи товара,известь 4кг,771729737,"82,50",57886998352,известь 4кг,,,,,,,5761497517,25005056320260923,3135324557416
Саныч,46288,Штраф за нарушение срока передачи товара,известь 4 кг,566189858,"31,50",58049525516,известь 4 кг,,,,,,,5776930224,25005056320260923,3135324557415
Саныч,46288,Штраф за нарушение срока передачи товара,известь 4кг,771729737,"80,03",57947552333,известь 4кг,,,,,,,5762315945,25005056320260923,3135324557414
Саныч,46288,Штраф за нарушение срока передачи товара,известь 4 кг,566189858,"37,51",58047535836,известь 4 кг,,,,,,,5775423873,25005056320260923,3135324557413
Саныч,46288,Штраф за нарушение срока передачи товара,известь 4кг,771729737,"81,57",57887298238,известь 4кг,,,,,,,5761804648,25005056320260923,3135324557412
Саныч,46288,Штраф за нарушение срока передачи товара,известь 4кг,771729737,"76,60",57957451474,известь 4кг,,,,,,,5763444553,25005056320260923,3135324557411
Саныч,46288,Штраф за нарушение срока передачи товара,известь 4кг,771729737,"80,59",57887626914,известь 4кг,,,,,,,5762133941,25005056320260923,3135324557410
Саныч,46288,Штраф за нарушение срока передачи товара,известь 4кг,771729737,"48,47",58000506549,известь 4кг,,,,,,,5769231636,25005056320260923,3135324557409
Саныч,46288,Штраф за нарушение срока передачи товара,известь 4кг,771729737,"79,38",57952469221,известь 4кг,,,,,,,5762548078,25005056320260923,3135324557408
Саныч,46288,Штраф за нарушение срока передачи товара,известь 4кг,771729737,"72,97",57974362312,известь 4кг,,,,,,,5764604561,25005056320260923,3135324557407
Саныч,46288,Штраф за нарушение срока передачи товара,известь 4кг,771729737,"42,76",58002591918,известь 4кг,,,,,,,5770819668,25005056320260923,3135324557406
Саныч,46288,Штраф за нарушение срока передачи товара,известь 4кг,771729737,"60,14",57999412310,известь 4кг,,,,,,,5768248244,25005056320260923,3135324557405
Саныч,46288,Штраф за нарушение срока передачи товара,известь 4кг,771729737,"60,06",57999431549,известь 4кг,,,,,,,5768259321,25005056320260923,3135324557404
Саныч,46288,Штраф за нарушение срока передачи товара,известь 4кг,771729737,"65,37",57998080665,известь 4кг,,,,,,,5766896822,25005056320260923,3135324557403
Саныч,46288,Штраф за нарушение срока передачи товара,известь 4кг,771729737,"44,62",58001463429,известь 4кг,,,,,,,5770246690,25005056320260923,3135324557402
Саныч,46288,Штраф за нарушение срока передачи товара,кашпо б 5л 4шт,1244428805,"91,56",58042658466,кашпо б 5л 4шт,,,,,,,5774942981,25005056320260923,3135324557401
Саныч,46288,Штраф за нарушение срока передачи товара,известь 4 кг,566189858,"0,04",58055183840,известь 4 кг,,,,,,,5781704411,25005056320260923,3135324557400
Саныч,46288,Штраф за нарушение срока передачи товара,известь 4 кг,566189858,"31,24",58049585299,известь 4 кг,,,,,,,5776989752,25005056320260923,3135324557399
Саныч,46288,Штраф за нарушение срока передачи товара,известь 4кг,771729737,"72,71",57974477412,известь 4кг,,,,,,,5764686998,25005056320260923,3135324557398
Саныч,46288,Штраф за нарушение срока передачи товара,известь 4кг,771729737,"42,06",58002831263,известь 4кг,,,,,,,5771064704,25005056320260923,3135324557397
Саныч,46288,Штраф за нарушение срока передачи товара,известь 4кг,771729737,"74,23",57973804229,известь 4кг,,,,,,,5764194854,25005056320260923,3135324557396
Саныч,46288,Штраф за нарушение срока передачи товара,известь 4кг,771729737,"70,46",57983859351,известь 4кг,,,,,,,5765374514,25005056320260923,3135324557395
Саныч,46288,Штраф за нарушение срока передачи товара,известь 4кг,771729737,"42,82",58002588677,известь 4кг,,,,,,,5770816395,25005056320260923,3135324557394
Саныч,46288,Штраф за нарушение срока передачи товара,известь 4кг,771729737,"70,46",57983859357,известь 4кг,,,,,,,5765374515,25005056320260923,3135324557393
Саныч,46288,Штраф за нарушение срока передачи товара,известь 4кг,771729737,"43,72",58002297528,известь 4кг,,,,,,,5770520214,25005056320260923,3135324557392
Саныч,46288,Штраф за нарушение срока передачи товара,известь 4кг,771729737,"59,78",57999555336,известь 4кг,,,,,,,5768296364,25005056320260923,3135324557391
Саныч,46288,Штраф за нарушение срока передачи товара,известь 4 кг,566189858,"35,32",58048546436,известь 4 кг,,,,,,,5775948855,25005056320260923,3135324557390
Саныч,46288,Штраф за нарушение срока передачи товара,известь 4кг,771729737,"76,37",57962593664,известь 4кг,,,,,,,5763518574,25005056320260923,3135324557389
Саныч,46288,Штраф за нарушение срока передачи товара,известь 4кг,771729737,"74,09",57973956002,известь 4кг,,,,,,,5764246480,25005056320260923,3135324557388
AIR,46288,Штраф за нарушение срока передачи товара,ваза 6л черные 2шт,327127579,"0,29",58082726838,ваза 6л черные 2шт,,,,,,,5786689062,95361120260923,3135334452075
AIR,46288,Штраф за нарушение срока передачи товара,вазон 12л белый,397000269,"24,47",58070393666,вазон 12л белый,,,,,,,5782995906,95361120260923,3135334452074
AIR,46288,Штраф за нарушение срока передачи товара,"вазон 4,5л черный",341468537,"0,16",58082707024,"вазон 4,5л черный",,,,,,,5786668836,95361120260923,3135334452073
AIR,46288,Штраф за нарушение срока передачи товара,"вазон 4,5л черный",341468537,"0,02",58082707032,"вазон 4,5л черный",,,,,,,5786668835,95361120260923,3135334452072
AIR,46288,Штраф за нарушение срока передачи товара,3шт-вазон 22л коричневый,771963170,"73,55",58070222288,3шт-вазон 22л коричневый,,,,,,,5782846635,95361120260923,3135334452071
AIR,46288,Штраф за нарушение срока передачи товара,"вазон 4,5л черный",341468537,"21,39",58055310168,"вазон 4,5л черный",,,,,,,5781815292,95361120260923,3135334452070
AIR,46288,Штраф за нарушение срока передачи товара,"вазон 4,5л черный",341468537,"21,43",58055310162,"вазон 4,5л черный",,,,,,,5781815289,95361120260923,3135334452069
AIR,46288,Штраф за нарушение срока передачи товара,3шт-вазон 12л белый,363602607,"0,29",58082726678,3шт-вазон 12л белый,,,,,,,5786688902,95361120260923,3135334452068
AIR,46288,Штраф за нарушение срока передачи товара,вазон 22л белый,771965776,"3,31",58081706310,вазон 22л белый,,,,,,,5786215699,95361120260923,3135334452067
AIR,46288,Штраф за нарушение срока передачи товара,3шт-вазон 22л коричневый,771963170,"18,29",58081047264,3шт-вазон 22л коричневый,,,,,,,5785539450,95361120260923,3135334452066
AIR,46288,Штраф за нарушение срока передачи товара,вазон 22л белый,771965776,"3,37",58081706332,вазон 22л белый,,,,,,,5786215706,95361120260923,3135334452065
AIR,46288,Штраф за нарушение срока передачи товара,кашпо бел 3л 4 шт,1274995514,"15,92",58077937575,кашпо бел 3л 4 шт,,,,,,,5784304891,95361120260923,3135334452064
AIR,46288,Штраф за нарушение срока передачи товара,"вазон 4,5л белый",341470309,"8,46",58078041490,"вазон 4,5л белый",,,,,,,5784408480,95361120260923,3135334452063
AIR,46288,Штраф за нарушение срока передачи товара,3шт-вазон 22л коричневый,771963170,"87,19",58055630145,3шт-вазон 22л коричневый,,,,,,,5782128962,95361120260923,3135334452062
AIR,46288,Штраф за нарушение срока передачи товара,3шт-вазон 12л белый,363602607,"46,13",58076513414,3шт-вазон 12л белый,,,,,,,5783407895,95361120260923,3135334452061
AIR,46288,Штраф за нарушение срока передачи товара,3шт-вазон 22л коричневый,771963170,"93,76",58055282597,3шт-вазон 22л коричневый,,,,,,,5781787619,95361120260923,3135334452060
AIR,46288,Штраф за нарушение срока передачи товара,"вазон 4,5л черный",341468537,"17,38",58070163505,"вазон 4,5л черный",,,,,,,5782763665,95361120260923,3135334452059
AIR,46288,Штраф за нарушение срока передачи товара,"ваза 4,5 черный",341252430,"12,30",58079049964,"ваза 4,5 черный",,,,,,,5784855369,95361120260923,3135334452058
AIR,46288,Штраф за нарушение срока передачи товара,вазоны 2шт черные 6л,347376587,"1,95",58081888500,вазоны 2шт черные 6л,,,,,,,5786399086,95361120260923,3135334452057
AIR,46288,Штраф за нарушение срока передачи товара,"вазон 4,5л черный",341468537,"17,38",58070163502,"вазон 4,5л черный",,,,,,,5782763664,95361120260923,3135334452056
AIR,46288,Штраф за нарушение срока передачи товара,вазон 17л черный,316464156,"7,86",58080959302,вазон 17л черный,,,,,,,5785450317,95361120260923,3135334452055
AIR,46288,Штраф за нарушение срока передачи товара,3шт-вазон 12л белый,363602607,"30,56",58077823912,3шт-вазон 12л белый,,,,,,,5784188196,95361120260923,3135334452054
AIR,46288,Штраф за нарушение срока передачи товара,вазон 17л белая,341780485,"27,51",58070100462,вазон 17л белая,,,,,,,5782699752,95361120260923,3135334452053
AIR,46288,Штраф за нарушение срока передачи товара,ваза 6л черный,327126800,"12,12",58055690110,ваза 6л черный,,,,,,,5782189460,95361120260923,3135334452052
AIR,46288,Штраф МП. Невыполненный заказ (отправка товара отличного от заявленного),3шт-вазон 22л коричневый,771963170,"2887,00",57841196956,3шт-вазон 22л коричневый,,,,,,,5733412941,95361120260923,3135334452051
Хозяюшка,46287,Штраф за нарушение срока передачи товара,ведро пласт с крышкой 5л 5 шт,1497431370,"375,45",57937925684,ведро пласт с крышкой 5л 5 шт,,,,,,,5758832192,25017326820260922,3135280038007
Хозяюшка,46287,Штраф за нарушение срока передачи товара,цемент - 25 кг,1515370149,"690,91",57883376534,цемент - 25 кг,,,,,,,5740493773,25017326820260922,3135280038006
Хозяюшка,46287,Штраф за нарушение срока передачи товара,ведро пласт с крышкой 5л 3 шт,1497431369,"305,80",57928012195,ведро пласт с крышкой 5л 3 шт,,,,,,,5755969759,25017326820260922,3135280038005
Хозяюшка,46287,Штраф за нарушение срока передачи товара,ведро пласт с крышкой 5л 5 шт,1497431370,"60,96",58005705285,ведро пласт с крышкой 5л 5 шт,,,,,,,5772819366,25017326820260922,3135280038004
Хозяюшка,46287,Штраф за нарушение срока передачи товара,цемент - 10 кг,1508796599,"101,90",57994995989,цемент - 10 кг,,,,,,,5766130591,25017326820260922,3135280038003
Хозяюшка,46287,Штраф за нарушение срока передачи товара,цемент - 25 кг,1515370149,"295,80",57952675109,цемент - 25 кг,,,,,,,5762768091,25017326820260922,3135280038002
Хозяюшка,46287,Штраф за нарушение срока передачи товара,цемент - 10 кг,1508796599,"27,19",58006119754,цемент - 10 кг,,,,,,,5773155032,25017326820260922,3135280038001
Хозяюшка,46287,Штраф за нарушение срока передачи товара,цемент - 10 кг,1508796599,"43,79",58003595876,цемент - 10 кг,,,,,,,5771830004,25017326820260922,3135280038000
Хозяюшка,46287,Штраф за нарушение срока передачи товара,ведро пласт с крышкой 5л 3 шт,1497431369,"45,88",58004971008,ведро пласт с крышкой 5л 3 шт,,,,,,,5772610482,25017326820260922,3135280037999
Хозяюшка,46287,Штраф за нарушение срока передачи товара,цемент - 10 кг,1508796599,"130,94",57957209535,цемент - 10 кг,,,,,,,5763181498,25017326820260922,3135280037998
Хозяюшка,46287,Штраф за нарушение срока передачи товара,цемент - 10 кг,1508796599,"5,39",58049932854,цемент - 10 кг,,,,,,,5777337950,25017326820260922,3135280037997
Хозяюшка,46287,Штраф за нарушение срока передачи товара,цемент - 25 кг,1515370149,"11,73",58049678536,цемент - 25 кг,,,,,,,5777084346,25017326820260922,3135280037996
Хозяюшка,46287,Штраф за нарушение срока передачи товара,цемент - 25 кг,1515370149,"14,39",58049678509,цемент - 25 кг,,,,,,,5777084344,25017326820260922,3135280037995
Хозяюшка,46287,Штраф за нарушение срока передачи товара,цемент - 25 кг,1515370149,"11,64",58049678724,цемент - 25 кг,,,,,,,5777084348,25017326820260922,3135280037994
Хозяюшка,46287,Штраф за нарушение срока передачи товара,цемент - 25 кг,1515370149,"11,82",58049678728,цемент - 25 кг,,,,,,,5777084351,25017326820260922,3135280037993
Хозяюшка,46287,Штраф за нарушение срока передачи товара,цемент - 25 кг,1515370149,"11,91",58049678539,цемент - 25 кг,,,,,,,5777084357,25017326820260922,3135280037992
Хозяюшка,46287,Штраф за нарушение срока передачи товара,цемент - 25 кг,1515370149,"11,82",58049678552,цемент - 25 кг,,,,,,,5777084362,25017326820260922,3135280037991
Хозяюшка,46287,Штраф за нарушение срока передачи товара,ведро пласт с крышкой 5л 3 шт,1497431369,"456,67",57885212509,ведро пласт с крышкой 5л 3 шт,,,,,,,5744470445,25017326820260922,3135280037990
Хозяюшка,46287,Штраф за нарушение срока передачи товара,цемент - 10 кг,1508796599,"50,64",58002458806,цемент - 10 кг,,,,,,,5770682620,25017326820260922,3135280037989
Хозяюшка,46287,Штраф за нарушение срока передачи товара,цемент - 25 кг,1515370149,"159,93",58000038113,цемент - 25 кг,,,,,,,5768779369,25017326820260922,3135280037988
Хозяюшка,46287,Штраф за нарушение срока передачи товара,цемент - 25 кг,1515370149,"314,52",57886984605,цемент - 25 кг,,,,,,,5761483485,25017326820260922,3135280037987
Хозяюшка,46287,Штраф за нарушение срока передачи товара,цемент - 25 кг,1515370149,"11,91",58049678531,цемент - 25 кг,,,,,,,5777084347,25017326820260922,3135280037986
Хозяюшка,46287,Штраф за нарушение срока передачи товара,цемент - 25 кг,1515370149,"11,91",58049678529,цемент - 25 кг,,,,,,,5777084343,25017326820260922,3135280037985
Хозяюшка,46287,Штраф за нарушение срока передачи товара,ведро пласт с крышкой 5л 3 шт,1497431369,"232,38",57940723494,ведро пласт с крышкой 5л 3 шт,,,,,,,5759879123,25017326820260922,3135280037984
Хозяюшка,46287,Штраф за нарушение срока передачи товара,цемент - 25 кг,1515370149,"283,83",57962598440,цемент - 25 кг,,,,,,,5763566867,25017326820260922,3135280037983
Хозяюшка,46287,Штраф за нарушение срока передачи товара,цемент - 25 кг,1515370149,"282,04",57962598451,цемент - 25 кг,,,,,,,5763566865,25017326820260922,3135280037982
Хозяюшка,46287,Штраф за нарушение срока передачи товара,ведро пласт с крышкой 5л 3 шт,1497431369,"404,43",57929631194,ведро пласт с крышкой 5л 3 шт,,,,,,,5749050418,25017326820260922,3135280037981
Хозяюшка,46287,Штраф за нарушение срока передачи товара,ведро пласт с крышкой 5л 5 шт,1497431370,"464,03",57933747204,ведро пласт с крышкой 5л 5 шт,,,,,,,5752737678,25017326820260922,3135280037980
Хозяюшка,46287,Штраф за нарушение срока передачи товара,ведро пласт с крышкой 5л 3 шт,1497431369,"44,31",58005670467,ведро пласт с крышкой 5л 3 шт,,,,,,,5772782067,25017326820260922,3135280037979
Хозяюшка,46287,Штраф за нарушение срока передачи товара,цемент - 25 кг,1515370149,"281,90",57962598445,цемент - 25 кг,,,,,,,5763566862,25017326820260922,3135280037978
Хозяюшка,46287,Штраф за нарушение срока передачи товара,цемент - 10 кг,1508796599,"142,23",57887005626,цемент - 10 кг,,,,,,,5761504531,25017326820260922,3135280037977
Хозяюшка,46287,Штраф за нарушение срока передачи товара,ведро пласт с крышкой 5л 3 шт,1497431369,"407,11",57929562906,ведро пласт с крышкой 5л 3 шт,,,,,,,5748981579,25017326820260922,3135280037976
Хозяюшка,46287,Штраф за нарушение срока передачи товара,ведро пласт с крышкой 5л 3 шт,1497431369,"322,00",57935965046,ведро пласт с крышкой 5л 3 шт,,,,,,,5754395816,25017326820260922,3135280037975
Хозяюшка,46287,Штраф за нарушение срока передачи товара,цемент - 10 кг,1508796599,"60,57",58000558339,цемент - 10 кг,,,,,,,5769323831,25017326820260922,3135280037974
Хозяюшка,46287,Штраф за нарушение срока передачи товара,ведро пласт с крышкой 5л 3 шт,1497431369,"255,77",57939373111,ведро пласт с крышкой 5л 3 шт,,,,,,,5759180530,25017326820260922,3135280037973
Хозяюшка,46287,Штраф за нарушение срока передачи товара,ведро пласт с крышкой 5л 3 шт,1497431369,"476,51",57883215965,ведро пласт с крышкой 5л 3 шт,,,,,,,5740171335,25017326820260922,3135280037972
Хозяюшка,46287,Штраф за нарушение срока передачи товара,ведро пласт с крышкой 5л 3 шт,1497431369,"9,10",58049473115,ведро пласт с крышкой 5л 3 шт,,,,,,,5776875508,25017326820260922,3135280037971
Хозяюшка,46287,Штраф за нарушение срока передачи товара,ведро пласт с крышкой 5л 3 шт,1497431369,"74,13",58002960321,ведро пласт с крышкой 5л 3 шт,,,,,,,5771193874,25017326820260922,3135280037970
Хозяюшка,46287,Штраф за нарушение срока передачи товара,цемент - 10 кг,1508796599,"119,09",57975223444,цемент - 10 кг,,,,,,,5764866809,25017326820260922,3135280037969
Хозяюшка,46287,Штраф за нарушение срока передачи товара,цемент - 25 кг,1515370149,"699,61",57882803818,цемент - 25 кг,,,,,,,5739499613,25017326820260922,3135280037968
Хозяюшка,46287,Штраф за нарушение срока передачи товара,ведро пласт с крышкой 5л 5 шт,1497431370,"407,57",57928924061,ведро пласт с крышкой 5л 5 шт,,,,,,,5756882885,25017326820260922,3135280037967
Хозяюшка,46287,Штраф за нарушение срока передачи товара,цемент - 25 кг,1515370149,"126,71",58001207192,цемент - 25 кг,,,,,,,5770014115,25017326820260922,3135280037966
Хозяюшка,46287,Штраф за нарушение срока передачи товара,цемент - 25 кг,1515370149,"126,84",58001207206,цемент - 25 кг,,,,,,,5770014122,25017326820260922,3135280037965
Хозяюшка,46287,Штраф за нарушение срока передачи товара,ведро пласт с крышкой 5л 5 шт,1497431370,"447,84",57935580938,ведро пласт с крышкой 5л 5 шт,,,,,,,5754008065,25017326820260922,3135280037964
Хозяюшка,46287,Штраф за нарушение срока передачи товара,ведро пласт с крышкой 5л 5 шт,1497431370,"436,13",57936404495,ведро пласт с крышкой 5л 5 шт,,,,,,,5754850439,25017326820260922,3135280037963
Хозяюшка,46287,Штраф за нарушение срока передачи товара,цемент - 25 кг,1515370149,"126,71",58001207185,цемент - 25 кг,,,,,,,5770014113,25017326820260922,3135280037962
Хозяюшка,46287,Штраф за нарушение срока передачи товара,цемент - 25 кг,1515370149,"126,84",58001207195,цемент - 25 кг,,,,,,,5770014119,25017326820260922,3135280037961
Хозяюшка,46287,Штраф за нарушение срока передачи товара,ведро пласт с крышкой 5л 5 шт,1497431370,"441,39",57935993108,ведро пласт с крышкой 5л 5 шт,,,,,,,5754426385,25017326820260922,3135280037960
Хозяюшка,46287,Штраф за нарушение срока передачи товара,ведро пласт с крышкой 5л 5 шт,1497431370,"140,24",58000261562,ведро пласт с крышкой 5л 5 шт,,,,,,,5769003246,25017326820260922,3135280037959
Хозяюшка,46287,Штраф за нарушение срока передачи товара,цемент - 10 кг,1508796599,"126,18",57967998844,цемент - 10 кг,,,,,,,5763922825,25017326820260922,3135280037958
Хозяюшка,46287,Штраф за нарушение срока передачи товара,ведро пласт с крышкой 5л 5 шт,1497431370,"246,72",57974464766,ведро пласт с крышкой 5л 5 шт,,,,,,,5764708803,25017326820260922,3135280037957
Хозяюшка,46287,Штраф за нарушение срока передачи товара,ведро пласт с крышкой 5л 3 шт,1497431369,"448,23",57886013805,ведро пласт с крышкой 5л 3 шт,,,,,,,5746008161,25017326820260922,3135280037956
Хозяюшка,46287,Штраф за нарушение срока передачи товара,ведро пласт с крышкой 5л 3 шт,1497431369,"153,35",57947503420,ведро пласт с крышкой 5л 3 шт,,,,,,,5762146983,25017326820260922,3135280037955
Хозяюшка,46287,Штраф за нарушение срока передачи товара,ведро пласт с крышкой 5л 3 шт,1497431369,"8,74",58003731827,ведро пласт с крышкой 5л 3 шт,,,,,,,5771961760,25017326820260922,3135280037954
Хозяюшка,46287,Штраф за нарушение срока передачи товара,ведро пласт с крышкой 5л 3 шт,1497431369,"287,54",57933635989,ведро пласт с крышкой 5л 3 шт,,,,,,,5752626765,25017326820260922,3135280037953
Хозяюшка,46287,Штраф за нарушение срока передачи товара,ведро пласт с крышкой 5л 3 шт,1497431369,"48,30",57999950349,ведро пласт с крышкой 5л 3 шт,,,,,,,5768691927,25017326820260922,3135280037952
Хозяюшка,46287,Штраф за нарушение срока передачи товара,ведро пласт с крышкой 5л 5 шт,1497431370,"235,19",57941412124,ведро пласт с крышкой 5л 5 шт,,,,,,,5760478681,25017326820260922,3135280037951
Хозяюшка,46287,Штраф за нарушение срока передачи товара,ведро пласт с крышкой 5л 3 шт,1497431369,"116,64",57986621521,ведро пласт с крышкой 5л 3 шт,,,,,,,5765630154,25017326820260922,3135280037950
Хозяюшка,46287,Штраф за нарушение срока передачи товара,ведро пласт с крышкой 5л 3 шт,1497431369,"195,14",57939545661,ведро пласт с крышкой 5л 3 шт,,,,,,,5759305225,25017326820260922,3135280037949
Хозяюшка,46287,Штраф за нарушение срока передачи товара,ведро пласт с крышкой 5л 3 шт,1497431369,"0,69",58006198345,ведро пласт с крышкой 5л 3 шт,,,,,,,5773230549,25017326820260922,3135280037948
Хозяюшка,46287,Штраф за нарушение срока передачи товара,ведро пласт с крышкой 5л 5 шт,1497431370,"217,69",57887168574,ведро пласт с крышкой 5л 5 шт,,,,,,,5761667888,25017326820260922,3135280037947
Хозяюшка,46287,Штраф за нарушение срока передачи товара,ведро пласт с крышкой 3 л 3 шт,1523199952,"1,67",58005754962,ведро пласт с крышкой 3 л 3 шт,,,,,,,5772724616,25017326820260922,3135280037946
Хозяюшка,46287,Штраф за нарушение срока передачи товара,ведро пласт с крышкой 5л 5 шт,1497431370,"10,60",58003871499,ведро пласт с крышкой 5л 5 шт,,,,,,,5772109401,25017326820260922,3135280037945
Хозяюшка,46287,Штраф за нарушение срока передачи товара,ведро пласт с крышкой 5л 3 шт,1497431369,"27,95",58001044845,ведро пласт с крышкой 5л 3 шт,,,,,,,5769837741,25017326820260922,3135280037944
Хозяюшка,46287,Штраф за нарушение срока передачи товара,ведро пласт с крышкой 5л 3 шт,1497431369,"14,62",58002883193,ведро пласт с крышкой 5л 3 шт,,,,,,,5771118929,25017326820260922,3135280037943
Хозяюшка,46287,Штраф за нарушение срока передачи товара,ведро пласт с крышкой 5л 3 шт,1497431369,"226,29",57937686939,ведро пласт с крышкой 5л 3 шт,,,,,,,5758582854,25017326820260922,3135280037942
Хозяюшка,46287,Штраф за нарушение срока передачи товара,ведро пласт с крышкой 5л 5 шт,1497431370,"555,70",57885211379,ведро пласт с крышкой 5л 5 шт,,,,,,,5744469346,25017326820260922,3135280037941
Хозяюшка,46287,Штраф за нарушение срока передачи товара,ведро пласт с крышкой 5л 5 шт,1497431370,"43,49",58000691516,ведро пласт с крышкой 5л 5 шт,,,,,,,5769465829,25017326820260922,3135280037940
Хозяюшка,46287,Штраф за нарушение срока передачи товара,ведро пласт с крышкой 5л 5 шт,1497431370,"428,16",57927427879,ведро пласт с крышкой 5л 5 шт,,,,,,,5750228244,25017326820260922,3135280037939
Хозяюшка,46287,Штраф за нарушение срока передачи товара,ведро пласт с крышкой 5л 3 шт,1497431369,"98,90",57998407043,ведро пласт с крышкой 5л 3 шт,,,,,,,5767227198,25017326820260922,3135280037938
Саныч,46287,Штраф МП. Невыполненный заказ (отмена продавцом),лоток кр 6 п2 н2,1194660181,"639,20",57629055716,лоток кр 6 п2 н2,,,,,,,5682723340,25005056320260922,3135283654841
Саныч,46287,Штраф МП. Невыполненный заказ (отмена продавцом),лоток чер 6 бп н2,1223840885,"310,00",57626286136,лоток чер 6 бп н2,,,,,,,5681973736,25005056320260922,3135283654839
Саныч,46287,Штраф за нарушение срока передачи товара,ведро оцинкованное 12 л 3шт,1240752909,"163,51",57999859640,ведро оцинкованное 12 л 3шт,,,,,,,5768600244,25005056320260922,3135283654838
Саныч,46287,Штраф за нарушение срока передачи товара,ведро оцинкованное 12 л 3шт,1240752909,"62,69",58005751671,ведро оцинкованное 12 л 3шт,,,,,,,5772721448,25005056320260922,3135283654837
Саныч,46287,Штраф за нарушение срока передачи товара,бидон 10л 1шт,1249688168,"11,65",58042899088,бидон 10л 1шт,,,,,,,5775185306,25005056320260922,3135283654836
Саныч,46287,Штраф за нарушение срока передачи товара,ведро 12л 3шт,1124967279,"144,57",57974259487,ведро 12л 3шт,,,,,,,5764454331,25005056320260922,3135283654835
Саныч,46287,Штраф за нарушение срока передачи товара,ведро 12л 3шт,1124967279,"114,25",57999071967,ведро 12л 3шт,,,,,,,5767894555,25005056320260922,3135283654834
Саныч,46287,Штраф за нарушение срока передачи товара,мел 2кг,769654698,"10,87",58007059409,мел 2кг,,,,,,,5773557601,25005056320260922,3135283654833
Саныч,46287,Штраф за нарушение срока передачи товара,"лопаташтык с черенком (перч,саморез2)",1299169518,"83,01",58000521601,"лопаташтык с черенком (перч,саморез2)",,,,,,,5769277334,25005056320260922,3135283654832
Саныч,46287,Штраф за нарушение срока передачи товара,"лопаташтык с черенком (перч,саморез2)",1299169518,"74,43",58001240489,"лопаташтык с черенком (перч,саморез2)",,,,,,,5770047532,25005056320260922,3135283654831
Саныч,46287,Штраф за нарушение срока передачи товара,"лопаташтык с черенком (перч,саморез2)",1299169518,"139,51",57994961611,"лопаташтык с черенком (перч,саморез2)",,,,,,,5766096001,25005056320260922,3135283654830
Саныч,46287,Штраф за нарушение срока передачи товара,ведро оцинкованное 9 л 5шт,1240523655,"178,52",58003157193,ведро оцинкованное 9 л 5шт,,,,,,,5771385511,25005056320260922,3135283654829
Саныч,46287,Штраф за нарушение срока передачи товара,"лопаташтык с черенком (перч,саморез2)",1299169518,"112,86",57999671332,"лопаташтык с черенком (перч,саморез2)",,,,,,,5768412479,25005056320260922,3135283654828
Саныч,46287,Штраф за нарушение срока передачи товара,бидон 10л 1шт,1249688168,"23,76",58005966453,бидон 10л 1шт,,,,,,,5772999542,25005056320260922,3135283654827
Саныч,46287,Штраф за нарушение срока передачи товара,ведро оцинкованное 12 л 3шт,1240752909,"45,59",58028652103,ведро оцинкованное 12 л 3шт,,,,,,,5774333348,25005056320260922,3135283654826
Саныч,46287,Штраф за нарушение срока передачи товара,ведро оцинкованное 12 л 3шт,1240752909,"43,36",58028845061,ведро оцинкованное 12 л 3шт,,,,,,,5774531129,25005056320260922,3135283654825
Саныч,46287,Штраф за нарушение срока передачи товара,бидон 10л 1шт,1249688168,"4,91",58049497047,бидон 10л 1шт,,,,,,,5776899178,25005056320260922,3135283654824
Саныч,46287,Штраф за нарушение срока передачи товара,бидон 10л 2шт,1249688169,"15,30",58048536611,бидон 10л 2шт,,,,,,,5775871021,25005056320260922,3135283654823
Саныч,46287,Штраф за нарушение срока передачи товара,бидон 10л 1шт,1249688168,"10,55",58047535641,бидон 10л 1шт,,,,,,,5775423684,25005056320260922,3135283654822
AIR,46287,Штраф за нарушение срока передачи товара,ветошь 10 кг 20x30,313544950,"151,08",58002735465,ветошь 10 кг 20x30,,,,,,,5770956104,95361120260922,3135294422474
AIR,46287,Штраф за нарушение срока передачи товара,ветошь 10 кг 20x30,313544950,"76,47",58028702382,ветошь 10 кг 20x30,,,,,,,5774387908,95361120260922,3135294422473
AIR,46287,Штраф за нарушение срока передачи товара,ветошь хпп 50м,226438033,"287,27",58002295193,ветошь хпп 50м,,,,,,,5770518136,95361120260922,3135294422472
AIR,46287,Штраф за нарушение срока передачи товара,ветошь хпп 50м,226438033,"296,20",58001392641,ветошь хпп 50м,,,,,,,5770203183,95361120260922,3135294422471
AIR,46287,Штраф за нарушение срока передачи товара,ветошь хпп 50м,226438033,"227,60",58005635361,ветошь хпп 50м,,,,,,,5772673369,95361120260922,3135294422470
AIR,46287,Штраф за нарушение срока передачи товара,вазон 2шт черные 17л,326579192,"210,59",57994732451,вазон 2шт черные 17л,,,,,,,5765849048,95361120260922,3135294422468
AIR,46287,Штраф за нарушение срока передачи товара,вазон 2шт белый 17л,326578448,"214,75",57986522276,вазон 2шт белый 17л,,,,,,,5765538803,95361120260922,3135294422467
AIR,46287,Штраф за нарушение срока передачи товара,вазон 17л черный,316464156,"9,51",58049677603,вазон 17л черный,,,,,,,5777058114,95361120260922,3135294422466
AIR,46287,Штраф за нарушение срока передачи товара,вазон 17л черный,316464156,"9,51",58049677618,вазон 17л черный,,,,,,,5777058118,95361120260922,3135294422465
AIR,46287,Штраф за нарушение срока передачи товара,"вазон 4,5л черный",341468537,"113,98",57942182620,"вазон 4,5л черный",,,,,,,5761337403,95361120260922,3135294422464
AIR,46287,Штраф за нарушение срока передачи товара,вазон 2шт черные 17л,326579192,"219,16",57983696795,вазон 2шт черные 17л,,,,,,,5765237323,95361120260922,3135294422463
AIR,46287,Штраф за нарушение срока передачи товара,вазоны 2шт черные 6л,347376587,"48,72",58006992698,вазоны 2шт черные 6л,,,,,,,5773477943,95361120260922,3135294422462
AIR,46287,Штраф за нарушение срока передачи товара,вазон 2шт черные 17л,326579192,"213,56",57986608125,вазон 2шт черные 17л,,,,,,,5765620665,95361120260922,3135294422461
AIR,46287,Штраф за нарушение срока передачи товара,"вазон 4,5л черный",341468537,"9,12",58047832379,"вазон 4,5л черный",,,,,,,5775721087,95361120260922,3135294422460
AIR,46287,Штраф за нарушение срока передачи товара,"вазон 4,5л черный",341468537,"8,92",58047832392,"вазон 4,5л черный",,,,,,,5775721089,95361120260922,3135294422459
AIR,46287,Штраф за нарушение срока передачи товара,вазон 2шт черные 17л,326579192,"118,05",57999489363,вазон 2шт черные 17л,,,,,,,5769611587,95361120260922,3135294422458
AIR,46287,Штраф за нарушение срока передачи товара,"вазон 4,5л черный",341468537,"76,96",57998716438,"вазон 4,5л черный",,,,,,,5767509009,95361120260922,3135294422457
AIR,46287,Штраф за нарушение срока передачи товара,"вазон 4,5л черный",341468537,"16,51",58028667364,"вазон 4,5л черный",,,,,,,5774348653,95361120260922,3135294422456
AIR,46287,Штраф за нарушение срока передачи товара,вазоны 2шт черные 6л,347376587,"25,74",58042753242,вазоны 2шт черные 6л,,,,,,,5775036642,95361120260922,3135294422455
AIR,46287,Штраф за нарушение срока передачи товара,вазон 17л черный,316464156,"7,73",58049872295,вазон 17л черный,,,,,,,5777278277,95361120260922,3135294422454
AIR,46287,Штраф за нарушение срока передачи товара,"вазон 4,5л черный",341468537,"27,18",58003568639,"вазон 4,5л черный",,,,,,,5771799641,95361120260922,3135294422453
AIR,46287,Штраф за нарушение срока передачи товара,вазон 2шт черные 17л,326579192,"219,39",57983766672,вазон 2шт черные 17л,,,,,,,5765280657,95361120260922,3135294422452
AIR,46287,Штраф за нарушение срока передачи товара,"вазон 4,5л черный",341468537,"1,85",58050222666,"вазон 4,5л черный",,,,,,,5777626826,95361120260922,3135294422451
AIR,46287,Штраф за нарушение срока передачи товара,3шт-вазон 5л белый,418209992,"16,60",58048964388,3шт-вазон 5л белый,,,,,,,5776369169,95361120260922,3135294422450
AIR,46287,Штраф за нарушение срока передачи товара,вазон 2шт черные 17л,326579192,"182,16",57999091162,вазон 2шт черные 17л,,,,,,,5767913489,95361120260922,3135294422449
AIR,46287,Штраф за нарушение срока передачи товара,"вазон 4,5л черный",341468537,"2,05",58050222663,"вазон 4,5л черный",,,,,,,5777626828,95361120260922,3135294422448
AIR,46287,Штраф за нарушение срока передачи товара,вазоны 2шт черные 6л,347376587,"21,73",58047623853,вазоны 2шт черные 6л,,,,,,,5775513286,95361120260922,3135294422447
AIR,46287,Штраф за нарушение срока передачи товара,ваза 17л черная 2шт,327128558,"264,75",57998862138,ваза 17л черная 2шт,,,,,,,5767686226,95361120260922,3135294422446
AIR,46287,Штраф за нарушение срока передачи товара,ветошь хпп 30м,237786198,"295,01",57975332793,ветошь хпп 30м,,,,,,,5764974672,95361120260922,3135294422445
AIR,46287,Штраф за нарушение срока передачи товара,ветошь хпп 30м,237786198,"161,98",58000472043,ветошь хпп 30м,,,,,,,5769219403,95361120260922,3135294422444
AIR,46287,Штраф за нарушение срока передачи товара,ветошь хпп 30м,237786198,"263,24",57996492193,ветошь хпп 30м,,,,,,,5766509326,95361120260922,3135294422443
AIR,46287,Штраф за нарушение срока передачи товара,ветошь хпп 30м,237786198,"131,01",58002592119,ветошь хпп 30м,,,,,,,5770819869,95361120260922,3135294422442
AIR,46287,Штраф за нарушение срока передачи товара,ветошь хпп 30м,237786198,"61,68",58015411690,ветошь хпп 30м,,,,,,,5773796134,95361120260922,3135294422441
AIR,46287,Штраф за нарушение срока передачи товара,ветошь хпп 30м,237786198,"144,85",58001232565,ветошь хпп 30м,,,,,,,5770039693,95361120260922,3135294422440
AIR,46287,Штраф за нарушение срока передачи товара,ветошь хпп 30м,237786198,"48,32",58035723402,ветошь хпп 30м,,,,,,,5774607687,95361120260922,3135294422439
AIR,46287,Штраф за нарушение срока передачи товара,ветошь хпп 30м,237786198,"176,66",58000162997,ветошь хпп 30м,,,,,,,5768904615,95361120260922,3135294422438
AIR,46287,Штраф за нарушение срока передачи товара,ветошь хпп 30м,237786198,"64,86",58006855562,ветошь хпп 30м,,,,,,,5773331089,95361120260922,3135294422437
AIR,46287,Штраф за нарушение срока передачи товара,ветошь хпп 30м,237786198,"118,36",58003262561,ветошь хпп 30м,,,,,,,5771492858,95361120260922,3135294422436
AIR,46287,Штраф за нарушение срока передачи товара,ветошь хпп 30м,237786198,"117,80",58003367792,ветошь хпп 30м,,,,,,,5771599032,95361120260922,3135294422435
AIR,46287,Штраф за нарушение срока передачи товара,ветошь хпп 30м,237786198,"75,17",58005658920,ветошь хпп 30м,,,,,,,5772775849,95361120260922,3135294422434
AIR,46287,Штраф за нарушение срока передачи товара,ветошь хпп 30м,237786198,"25,26",58048469964,ветошь хпп 30м,,,,,,,5775872811,95361120260922,3135294422433
AIR,46287,Штраф за нарушение срока передачи товара,ветошь хпп 30м,237786198,"27,88",58048467492,ветошь хпп 30м,,,,,,,5775868154,95361120260922,3135294422432
AIR,46287,Штраф за нарушение срока передачи товара,ветошь хпп 30м,237786198,"141,82",58001396736,ветошь хпп 30м,,,,,,,5770207069,95361120260922,3135294422431
AIR,46287,Штраф за нарушение срока передачи товара,ветошь хпп 30м,237786198,"312,99",57968058312,ветошь хпп 30м,,,,,,,5763980360,95361120260922,3135294422430
AIR,46287,Штраф за нарушение срока передачи товара,ветошь хпп 30м,237786198,"122,30",58003046287,ветошь хпп 30м,,,,,,,5771275554,95361120260922,3135294422429
AIR,46287,Штраф за нарушение срока передачи товара,ветошь хпп 30м,237786198,"79,32",58004802834,ветошь хпп 30м,,,,,,,5772442851,95361120260922,3135294422428
AIR,46287,Штраф за нарушение срока передачи товара,ветошь хпп 50м,226438033,"16,00",58003258879,ветошь хпп 50м,,,,,,,5771488975,95361120260922,3135294422427
Хозяюшка,46286,Штраф за нарушение срока передачи товара,цемент - 5 кг,1508796598,"3,97",57967864703,цемент - 5 кг,,,,,,,5763789035,25017326820260921,3135188421947
Хозяюшка,46286,Штраф за нарушение срока передачи товара,ведро пласт с крышкой 10 л 5 шт,1523255616,"36,64",57952588637,ведро пласт с крышкой 10 л 5 шт,,,,,,,5762681080,25017326820260921,3135188421946
Хозяюшка,46286,Штраф за нарушение срока передачи товара,ведро пласт с крышкой 5л 1 шт,1497431368,"17,92",57941606247,ведро пласт с крышкой 5л 1 шт,,,,,,,5760764046,25017326820260921,3135188421945
Хозяюшка,46286,Штраф за нарушение срока передачи товара,цемент - 5 кг,1508796598,"14,66",57941694419,цемент - 5 кг,,,,,,,5760854269,25017326820260921,3135188421944
Хозяюшка,46286,Штраф за нарушение срока передачи товара,ведро пласт с крышкой 5л 3 шт,1497431369,"253,41",57925747051,ведро пласт с крышкой 5л 3 шт,,,,,,,5747505282,25017326820260921,3135188421943
Хозяюшка,46286,Штраф за нарушение срока передачи товара,цемент - 5 кг,1508796598,"14,66",57941694405,цемент - 5 кг,,,,,,,5760854268,25017326820260921,3135188421942
Хозяюшка,46286,Штраф за нарушение срока передачи товара,ведро пласт с крышкой 5л 1 шт,1497431368,"4,84",57962684151,ведро пласт с крышкой 5л 1 шт,,,,,,,5763658149,25017326820260921,3135188421941
Хозяюшка,46286,Штраф за нарушение срока передачи товара,цемент - 5 кг,1508796598,"1,93",57974211208,цемент - 5 кг,,,,,,,5764434232,25017326820260921,3135188421940
Хозяюшка,46286,Штраф за нарушение срока передачи товара,цемент - 5 кг,1508796598,"5,25",57957359050,цемент - 5 кг,,,,,,,5763353611,25017326820260921,3135188421939
Хозяюшка,46286,Штраф за нарушение срока передачи товара,ведро пласт с крышкой 5л 1 шт,1497431368,"24,02",57940545740,ведро пласт с крышкой 5л 1 шт,,,,,,,5759698067,25017326820260921,3135188421938
Хозяюшка,46286,Штраф за нарушение срока передачи товара,ведро пласт с крышкой 5л 1 шт,1497431368,"83,03",57934302576,ведро пласт с крышкой 5л 1 шт,,,,,,,5753291921,25017326820260921,3135188421937
Хозяюшка,46286,Штраф за нарушение срока передачи товара,ведро пласт с крышкой 5л 1 шт,1497431368,"53,83",57937682538,ведро пласт с крышкой 5л 1 шт,,,,,,,5758578284,25017326820260921,3135188421936
Хозяюшка,46286,Штраф за нарушение срока передачи товара,ведро пласт с крышкой 5л 1 шт,1497431368,"27,80",57939625402,ведро пласт с крышкой 5л 1 шт,,,,,,,5759385935,25017326820260921,3135188421935
Хозяюшка,46286,Штраф за нарушение срока передачи товара,ведро пласт с крышкой 5л 1 шт,1497431368,"1,50",57974243117,ведро пласт с крышкой 5л 1 шт,,,,,,,5764486379,25017326820260921,3135188421934
Хозяюшка,46286,Штраф за нарушение срока передачи товара,цемент - 25 кг,1515370149,"359,64",57926100454,цемент - 25 кг,,,,,,,5748009210,25017326820260921,3135188421933
Хозяюшка,46286,Штраф за нарушение срока передачи товара,цемент - 25 кг,1515370149,"359,50",57926100457,цемент - 25 кг,,,,,,,5748009211,25017326820260921,3135188421932
Хозяюшка,46286,Штраф за нарушение срока передачи товара,ведро пласт с крышкой 10 л 3 шт,1523255615,"17,81",57953041605,ведро пласт с крышкой 10 л 3 шт,,,,,,,5763132768,25017326820260921,3135188421931
Хозяюшка,46286,Штраф за нарушение срока передачи товара,цемент - 5 кг,1508796598,"6,22",57952938483,цемент - 5 кг,,,,,,,5763028662,25017326820260921,3135188421930
Хозяюшка,46286,Штраф за нарушение срока передачи товара,ведро пласт с крышкой 5л 3 шт,1497431369,"269,90",57886049949,ведро пласт с крышкой 5л 3 шт,,,,,,,5746043720,25017326820260921,3135188421929
Хозяюшка,46286,Штраф за нарушение срока передачи товара,ведро пласт с крышкой 5л 1 шт,1497431368,"15,29",57942228721,ведро пласт с крышкой 5л 1 шт,,,,,,,5761385620,25017326820260921,3135188421928
Хозяюшка,46286,Штраф за нарушение срока передачи товара,цемент - 5 кг,1508796598,"11,67",57887201769,цемент - 5 кг,,,,,,,5761700742,25017326820260921,3135188421927
Хозяюшка,46286,Штраф за нарушение срока передачи товара,цемент - 25 кг,1515370149,"405,26",57884899339,цемент - 25 кг,,,,,,,5743786714,25017326820260921,3135188421926
Хозяюшка,46286,Штраф за нарушение срока передачи товара,ведро пласт с крышкой 5л 3 шт,1497431369,"169,07",57932376425,ведро пласт с крышкой 5л 3 шт,,,,,,,5751371873,25017326820260921,3135188421925
Хозяюшка,46286,Штраф за нарушение срока передачи товара,цемент - 25 кг,1515370149,"198,01",57936451237,цемент - 25 кг,,,,,,,5754884484,25017326820260921,3135188421924
Хозяюшка,46286,Штраф за нарушение срока передачи товара,ведро пласт с крышкой 5л 1 шт,1497431368,"134,82",57925809868,ведро пласт с крышкой 5л 1 шт,,,,,,,5747597291,25017326820260921,3135188421923
Хозяюшка,46286,Штраф за нарушение срока передачи товара,цемент - 25 кг,1515370149,"47,40",57941520604,цемент - 25 кг,,,,,,,5760678015,25017326820260921,3135188421922
Хозяюшка,46286,Штраф за нарушение срока передачи товара,ведро пласт с крышкой 5л 3 шт,1497431369,"173,47",57931399887,ведро пласт с крышкой 5л 3 шт,,,,,,,5750910184,25017326820260921,3135188421921
Хозяюшка,46286,Штраф за нарушение срока передачи товара,ведро пласт с крышкой 5л 3 шт,1497431369,"122,39",57928218235,ведро пласт с крышкой 5л 3 шт,,,,,,,5756176923,25017326820260921,3135188421920
Хозяюшка,46286,Штраф за нарушение срока передачи товара,ведро пласт с крышкой 5л 3 шт,1497431369,"255,23",57925386229,ведро пласт с крышкой 5л 3 шт,,,,,,,5746968535,25017326820260921,3135188421919
Хозяюшка,46286,Штраф за нарушение срока передачи товара,ведро пласт с крышкой 5л 3 шт,1497431369,"230,60",57926806779,ведро пласт с крышкой 5л 3 шт,,,,,,,5748808505,25017326820260921,3135188421918
Хозяюшка,46286,Штраф за нарушение срока передачи товара,ведро пласт с крышкой 5л 3 шт,1497431369,"242,10",57926157980,ведро пласт с крышкой 5л 3 шт,,,,,,,5748086750,25017326820260921,3135188421917
Хозяюшка,46286,Штраф за нарушение срока передачи товара,ведро пласт с крышкой 5л 3 шт,1497431369,"240,67",57926157984,ведро пласт с крышкой 5л 3 шт,,,,,,,5748086749,25017326820260921,3135188421916
Хозяюшка,46286,Штраф за нарушение срока передачи товара,ведро пласт с крышкой 5л 3 шт,1497431369,"94,21",57937778454,ведро пласт с крышкой 5л 3 шт,,,,,,,5758677421,25017326820260921,3135188421915
Хозяюшка,46286,Штраф за нарушение срока передачи товара,ведро пласт с крышкой 5л 3 шт,1497431369,"41,81",57940526589,ведро пласт с крышкой 5л 3 шт,,,,,,,5759678944,25017326820260921,3135188421914
Хозяюшка,46286,Штраф за нарушение срока передачи товара,ведро пласт с крышкой 5л 3 шт,1497431369,"266,74",57885928305,ведро пласт с крышкой 5л 3 шт,,,,,,,5745915434,25017326820260921,3135188421913
Хозяюшка,46286,Штраф за нарушение срока передачи товара,ведро пласт с крышкой 5л 3 шт,1497431369,"290,03",57884039469,ведро пласт с крышкой 5л 3 шт,,,,,,,5740993296,25017326820260921,3135188421912
Хозяюшка,46286,Штраф за нарушение срока передачи товара,ведро пласт с крышкой 5л 3 шт,1497431369,"302,30",57882419366,ведро пласт с крышкой 5л 3 шт,,,,,,,5738882960,25017326820260921,3135188421911
Хозяюшка,46286,Штраф за нарушение срока передачи товара,цемент - 25 кг,1515370149,"166,13",57929140664,цемент - 25 кг,,,,,,,5757101715,25017326820260921,3135188421910
Хозяюшка,46286,Штраф за нарушение срока передачи товара,ведро пласт с крышкой 3л 5шт,1497431960,"20,87",57942013121,ведро пласт с крышкой 3л 5шт,,,,,,,5761126773,25017326820260921,3135188421909
Саныч,46286,Штраф за нарушение срока передачи товара,мел 2кг,769654698,"2,14",57968019318,мел 2кг,,,,,,,5763943257,25005056320260921,3135183402049
Саныч,46286,Штраф за нарушение срока передачи товара,мел 2кг,769654698,"2,67",57962691734,мел 2кг,,,,,,,5763665249,25005056320260921,3135183402048
Саныч,46286,Штраф за нарушение срока передачи товара,мел 2кг,769654698,"7,09",57887253586,мел 2кг,,,,,,,5761759950,25005056320260921,3135183402047
Саныч,46286,Штраф за нарушение срока передачи товара,известь 2 кг,566189857,"3,32",57962525193,известь 2 кг,,,,,,,5763493696,25005056320260921,3135183402046
Саныч,46286,Штраф за нарушение срока передачи товара,мел 2кг,769654698,"8,57",57941888443,мел 2кг,,,,,,,5761052946,25005056320260921,3135183402045
Саныч,46286,Штраф за нарушение срока передачи товара,мел 2кг,769654698,"8,55",57941892061,мел 2кг,,,,,,,5761056472,25005056320260921,3135183402044
Саныч,46286,Штраф за нарушение срока передачи товара,известь 2кг + ведро оцинк 12л,1515740422,"119,26",57931140854,известь 2кг + ведро оцинк 12л,,,,,,,5750616057,25005056320260921,3135183402043
Саныч,46286,Штраф за нарушение срока передачи товара,лоток кр 6 бп н2,1194660187,"22,11",57941306145,лоток кр 6 бп н2,,,,,,,5760457701,25005056320260921,3135183402042
Саныч,46286,Штраф за нарушение срока передачи товара,мел 2кг,769654698,"7,52",57887055498,мел 2кг,,,,,,,5761554442,25005056320260921,3135183402041
Саныч,46286,Штраф за нарушение срока передачи товара,известь 2 кг,566189857,"0,88",57974401155,известь 2 кг,,,,,,,5764643061,25005056320260921,3135183402040
Саныч,46286,Штраф за нарушение срока передачи товара,ведро оцинкованное 12 л 3шт,1240752909,"42,72",57941713092,ведро оцинкованное 12 л 3шт,,,,,,,5760873529,25005056320260921,3135183402039
Саныч,46286,Штраф за нарушение срока передачи товара,мел 2кг,769654698,"8,76",57941787436,мел 2кг,,,,,,,5760949898,25005056320260921,3135183402038
Саныч,46286,Штраф за нарушение срока передачи товара,мел 2кг,769654698,"8,71",57941822599,мел 2кг,,,,,,,5760985098,25005056320260921,3135183402037
Саныч,46286,Штраф за нарушение срока передачи товара,ведро 12л 10шт,1124967281,"12,98",57968064219,ведро 12л 10шт,,,,,,,5763985830,25005056320260921,3135183402036
Саныч,46286,Штраф за нарушение срока передачи товара,лоток кр 18 п6 н2,1194660180,"484,51",57928002324,лоток кр 18 п6 н2,,,,,,,5755959946,25005056320260921,3135183402035
Саныч,46286,Штраф за нарушение срока передачи товара,кашпо б 5л 4шт,1244428805,"158,50",57932275401,кашпо б 5л 4шт,,,,,,,5751241558,25005056320260921,3135183402034
Саныч,46286,Штраф за нарушение срока передачи товара,лоток кр 6 п2 н2,1194660181,"202,89",57933733339,лоток кр 6 п2 н2,,,,,,,5752723845,25005056320260921,3135183402033
Саныч,46286,Штраф за нарушение срока передачи товара,известь 2 кг,566189857,"2,49",57967966516,известь 2 кг,,,,,,,5763891733,25005056320260921,3135183402032
Саныч,46286,Штраф за нарушение срока передачи товара,мел 2кг,769654698,"5,74",57887440995,мел 2кг,,,,,,,5761947757,25005056320260921,3135183402031
Саныч,46286,Штраф за нарушение срока передачи товара,известь 6 кг,566189859,"18,52",57941435550,известь 6 кг,,,,,,,5760589596,25005056320260921,3135183402030
Саныч,46286,Штраф за нарушение срока передачи товара,известь 10 кг,566189860,"13,49",57887322322,известь 10 кг,,,,,,,5761829210,25005056320260921,3135183402029
Саныч,46286,Штраф за нарушение срока передачи товара,известь 10кг + ведро оцинк 12л,1515740424,"17,51",57887060945,известь 10кг + ведро оцинк 12л,,,,,,,5761560036,25005056320260921,3135183402028
Саныч,46286,Штраф за нарушение срока передачи товара,известь 6 кг,566189859,"5,19",57962522698,известь 6 кг,,,,,,,5763491208,25005056320260921,3135183402027
Саныч,46286,Штраф за нарушение срока передачи товара,известь 10кг + ведро оцинк 12л,1515740424,"8,96",57952826240,известь 10кг + ведро оцинк 12л,,,,,,,5762919477,25005056320260921,3135183402026
Саныч,46286,Штраф за нарушение срока передачи товара,известь 10кг + ведро оцинк 12л,1515740424,"25,53",57941690850,известь 10кг + ведро оцинк 12л,,,,,,,5760850598,25005056320260921,3135183402025
Саныч,46286,Штраф за нарушение срока передачи товара,известь 6 кг,566189859,"9,39",57947643516,известь 6 кг,,,,,,,5762340824,25005056320260921,3135183402024
Саныч,46286,Штраф за нарушение срока передачи товара,известь 10кг + ведро оцинк 12л,1515740424,"17,45",57887060982,известь 10кг + ведро оцинк 12л,,,,,,,5761560046,25005056320260921,3135183402023
Саныч,46286,Штраф за нарушение срока передачи товара,известь 6 кг,566189859,"17,77",57941618176,известь 6 кг,,,,,,,5760776529,25005056320260921,3135183402022
Саныч,46286,Штраф за нарушение срока передачи товара,известь 6 кг,566189859,"0,06",57974577027,известь 6 кг,,,,,,,5764817266,25005056320260921,3135183402021
Саныч,46286,Штраф за нарушение срока передачи товара,лоток кр 18 бп н2,1194660182,"224,04",57930610663,лоток кр 18 бп н2,,,,,,,5757767619,25005056320260921,3135183402020
Саныч,46286,Штраф за нарушение срока передачи товара,мел 4кг,769654699,"6,86",57887174111,мел 4кг,,,,,,,5761673428,25005056320260921,3135183402019
Саныч,46286,Штраф за нарушение срока передачи товара,известь 10кг + ведро оцинк 12л,1515740424,"28,07",57941406085,известь 10кг + ведро оцинк 12л,,,,,,,5760559914,25005056320260921,3135183402018
Саныч,46286,Штраф за нарушение срока передачи товара,известь 10кг + ведро оцинк 12л,1515740424,"27,94",57941406097,известь 10кг + ведро оцинк 12л,,,,,,,5760559915,25005056320260921,3135183402017
Саныч,46286,Штраф за нарушение срока передачи товара,известь 10кг + ведро оцинк 12л,1515740424,"3,94",57962717174,известь 10кг + ведро оцинк 12л,,,,,,,5763689830,25005056320260921,3135183402016
Саныч,46286,Штраф за нарушение срока передачи товара,известь 10 кг,566189860,"22,16",57941651819,известь 10 кг,,,,,,,5760811078,25005056320260921,3135183402015
Саныч,46286,Штраф за нарушение срока передачи товара,известь 6кг + ведро оцинк 12л,1515740423,"31,56",57940387396,известь 6кг + ведро оцинк 12л,,,,,,,5759533706,25005056320260921,3135183402014
Саныч,46286,Штраф за нарушение срока передачи товара,бидон 5л 2шт,1249664695,"16,06",57887113416,бидон 5л 2шт,,,,,,,5761613236,25005056320260921,3135183402013
Саныч,46286,Штраф за нарушение срока передачи товара,известь 10кг + ведро оцинк 12л,1515740424,"9,37",57952737757,известь 10кг + ведро оцинк 12л,,,,,,,5762830068,25005056320260921,3135183402012
Саныч,46286,Штраф за нарушение срока передачи товара,известь 6кг + ведро оцинк 12л,1515740423,"63,17",57937988085,известь 6кг + ведро оцинк 12л,,,,,,,5758896987,25005056320260921,3135183402011
Саныч,46286,Штраф за нарушение срока передачи товара,известь 6 кг,566189859,"0,30",57974488971,известь 6 кг,,,,,,,5764732377,25005056320260921,3135183402010
Саныч,46286,Штраф за нарушение срока передачи товара,известь 6 кг,566189859,"8,97",57887869129,известь 6 кг,,,,,,,5762430240,25005056320260921,3135183402009
Саныч,46286,Штраф за нарушение срока передачи товара,мел 4кг,769654699,"7,47",57886970675,мел 4кг,,,,,,,5761469132,25005056320260921,3135183402008
Саныч,46286,Штраф за нарушение срока передачи товара,известь 6 кг,566189859,"7,53",57952770972,известь 6 кг,,,,,,,5762863048,25005056320260921,3135183402007
Саныч,46286,Штраф за нарушение срока передачи товара,известь 10кг + ведро оцинк 12л,1515740424,"17,81",57887000744,известь 10кг + ведро оцинк 12л,,,,,,,5761499750,25005056320260921,3135183402006
Саныч,46286,Штраф за нарушение срока передачи товара,известь 6 кг,566189859,"6,01",57957243686,известь 6 кг,,,,,,,5763232995,25005056320260921,3135183402005
Саныч,46286,Штраф за нарушение срока передачи товара,известь 6 кг,566189859,"16,69",57941833344,известь 6 кг,,,,,,,5760995435,25005056320260921,3135183402004
Саныч,46286,Штраф за нарушение срока передачи товара,бидон 10л 2шт,1249688169,"10,78",57952584661,бидон 10л 2шт,,,,,,,5762676942,25005056320260921,3135183402003
Саныч,46286,Штраф за нарушение срока передачи товара,известь 10 кг,566189860,"13,74",57887249079,известь 10 кг,,,,,,,5761749458,25005056320260921,3135183402002
Саныч,46286,Штраф за нарушение срока передачи товара,мел 6кг,769654700,"0,45",57974453019,мел 6кг,,,,,,,5764694045,25005056320260921,3135183402001
Саныч,46286,Штраф за нарушение срока передачи товара,известь 10 кг,566189860,"17,19",57941954996,известь 10 кг,,,,,,,5761121660,25005056320260921,3135183402000
Саныч,46286,Штраф за нарушение срока передачи товара,бидон 10л 2шт,1249688169,"11,38",57952486443,бидон 10л 2шт,,,,,,,5762564746,25005056320260921,3135183401999
AIR,46286,Штраф за нарушение срока передачи товара,кашпо бел 5л 4 шт,1274995516,"119,18",57935687298,кашпо бел 5л 4 шт,,,,,,,5754112717,95361120260921,3135212653892
AIR,46286,Штраф за нарушение срока передачи товара,3шт-вазон 22л белый,771963173,"81,17",57941490300,3шт-вазон 22л белый,,,,,,,5760647037,95361120260921,3135212653891
AIR,46286,Штраф за нарушение срока передачи товара,вазон 22л белый,771965776,"3,38",57968217623,вазон 22л белый,,,,,,,5764138055,95361120260921,3135212653890
AIR,46286,Штраф за нарушение срока передачи товара,вазоны 2шт белые 6л,344983282,"7,92",57957217793,вазоны 2шт белые 6л,,,,,,,5763189934,95361120260921,3135212653889
AIR,46286,Штраф за нарушение срока передачи товара,вазон 6л черный,316465164,"7,55",57952818400,вазон 6л черный,,,,,,,5762910991,95361120260921,3135212653888
AIR,46286,Штраф за нарушение срока передачи товара,вазоны 2шт черные 6л,347376587,"21,99",57887056917,вазоны 2шт черные 6л,,,,,,,5761555854,95361120260921,3135212653887
AIR,46286,Штраф за нарушение срока передачи товара,вазон 17л черный,316464156,"6,60",57957233609,вазон 17л черный,,,,,,,5763224050,95361120260921,3135212653886
AIR,46286,Штраф за нарушение срока передачи товара,ваза 6л черные 2шт,327127579,"11,52",57957288738,ваза 6л черные 2шт,,,,,,,5763279394,95361120260921,3135212653885
Хозяюшка,46285,Штраф за нарушение срока передачи товара,ведро пласт с крышкой 3л 10шт,1497432058,"54,98",57933762373,ведро пласт с крышкой 3л 10шт,,,,,,,5752752668,25017326820260920,3135154944203
Хозяюшка,46285,Штраф за нарушение срока передачи товара,ведро пласт с крышкой 3 л 3 шт,1523199952,"2,36",57928783684,ведро пласт с крышкой 3 л 3 шт,,,,,,,5756739031,25017326820260920,3135154944202
Хозяюшка,46285,Штраф за нарушение срока передачи товара,ведро пласт с крышкой 3л 10шт,1497432058,"61,19",57933370759,ведро пласт с крышкой 3л 10шт,,,,,,,5752350234,25017326820260920,3135154944201
Хозяюшка,46285,Штраф за нарушение срока передачи товара,ведро пласт с крышкой 8л 1шт,1515683460,"17,92",57934469485,ведро пласт с крышкой 8л 1шт,,,,,,,5753457475,25017326820260920,3135154944200
Хозяюшка,46285,Штраф за нарушение срока передачи товара,ведро пласт с крышкой 3 л 3 шт,1523199952,"30,68",57932324581,ведро пласт с крышкой 3 л 3 шт,,,,,,,5751317518,25017326820260920,3135154944199
Хозяюшка,46285,Штраф за нарушение срока передачи товара,ведро пласт с крышкой 3 л 3 шт,1523199952,"34,44",57931138648,ведро пласт с крышкой 3 л 3 шт,,,,,,,5750644372,25017326820260920,3135154944198
Хозяюшка,46285,Штраф за нарушение срока передачи товара,ведро пласт с крышкой 8л 1шт,1515683460,"18,70",57934302574,ведро пласт с крышкой 8л 1шт,,,,,,,5753291925,25017326820260920,3135154944197
Хозяюшка,46285,Штраф за нарушение срока передачи товара,гипс 12 кг,1543004431,"3,05",57928603005,гипс 12 кг,,,,,,,5756563001,25017326820260920,3135154944196
Хозяюшка,46285,Штраф за нарушение срока передачи товара,ведро пласт с крышкой 10 л 5 шт,1523255616,"376,80",57885177740,ведро пласт с крышкой 10 л 5 шт,,,,,,,5744374126,25017326820260920,3135154944195
Хозяюшка,46285,Штраф за нарушение срока передачи товара,ведро пласт с крышкой 3л 10шт,1497432058,"52,40",57933870496,ведро пласт с крышкой 3л 10шт,,,,,,,5752861357,25017326820260920,3135154944193
Саныч,46285,Штраф за нарушение срока передачи товара,ведро оцинкованное 15 л 3шт,1241057288,"147,32",57927761015,ведро оцинкованное 15 л 3шт,,,,,,,5752179330,25005056320260920,3135148478076
Саныч,46285,Штраф за нарушение срока передачи товара,известь 2 кг,566189857,"6,61",57934705791,известь 2 кг,,,,,,,5753634418,25005056320260920,3135148478075
Саныч,46285,Штраф за нарушение срока передачи товара,известь 4 кг,566189858,"0,78",57929081699,известь 4 кг,,,,,,,5757041202,25005056320260920,3135148478074
Саныч,46285,Штраф за нарушение срока передачи товара,известь 4 кг,566189858,"13,09",57933991543,известь 4 кг,,,,,,,5752980399,25005056320260920,3135148478073
Саныч,46285,Штраф за нарушение срока передачи товара,известь 6 кг,566189859,"0,70",57930905852,известь 6 кг,,,,,,,5758045159,25005056320260920,3135148478072
Саныч,46285,Штраф за нарушение срока передачи товара,известь 4 кг,566189858,"0,21",57929228104,известь 4 кг,,,,,,,5757188498,25005056320260920,3135148478071
Саныч,46285,Штраф за нарушение срока передачи товара,бидон 10л 2шт,1249688169,"29,29",57934111474,бидон 10л 2шт,,,,,,,5753114074,25005056320260920,3135148478070
Саныч,46285,Штраф за нарушение срока передачи товара,ведро оцинкованное 12 л 1шт,1240712757,"26,64",57932543806,ведро оцинкованное 12 л 1шт,,,,,,,5751526719,25005056320260920,3135148478069
Саныч,46285,Штраф за нарушение срока передачи товара,метла гар 1шт,1260779020,"30,10",57932911866,метла гар 1шт,,,,,,,5751892835,25005056320260920,3135148478068
Саныч,46285,Штраф за нарушение срока передачи товара,ведро 12л 1шт,1120558429,"4,43",57936745472,ведро 12л 1шт,,,,,,,5755178904,25005056320260920,3135148478067
Саныч,46285,Штраф за нарушение срока передачи товара,ведро туалет 17л беж,1442769822,"12,67",57936658963,ведро туалет 17л беж,,,,,,,5755094393,25005056320260920,3135148478066
Саныч,46285,Штраф за нарушение срока передачи товара,мел 2кг,769654698,"10,88",57927368194,мел 2кг,,,,,,,5750167649,25005056320260920,3135148478065
Саныч,46285,Штраф за нарушение срока передачи товара,известь 4кг,771729737,"1,43",57928586577,известь 4кг,,,,,,,5756546737,25005056320260920,3135148478064
Саныч,46285,Штраф за нарушение срока передачи товара,ведро туалет 17л сер,1515475863,"17,28",57936438643,ведро туалет 17л сер,,,,,,,5754871248,25005056320260920,3135148478063
Саныч,46285,Штраф за нарушение срока передачи товара,грабли 1шт 22зуб мет (без черенка),1275035966,"9,15",57935902909,грабли 1шт 22зуб мет (без черенка),,,,,,,5754336012,25005056320260920,3135148478062
Саныч,46285,Штраф за нарушение срока передачи товара,грабли 1шт 22зуб мет (с черенком),1275035965,"9,73",57937023014,грабли 1шт 22зуб мет (с черенком),,,,,,,5755456062,25005056320260920,3135148478061
Саныч,46285,Штраф за нарушение срока передачи товара,известь 4кг,771729737,"12,63",57932570618,известь 4кг,,,,,,,5751552207,25005056320260920,3135148478060
Саныч,46285,Штраф за нарушение срока передачи товара,известь 4 кг,566189858,"2,21",57928515817,известь 4 кг,,,,,,,5756475918,25005056320260920,3135148478059
Саныч,46285,Штраф за нарушение срока передачи товара,известь 4 кг,566189858,"17,54",57932352736,известь 4 кг,,,,,,,5751347174,25005056320260920,3135148478058
Саныч,46285,Штраф за нарушение срока передачи товара,известь 6 кг,566189859,"24,45",57933396574,известь 6 кг,,,,,,,5752374831,25005056320260920,3135148478057
Саныч,46285,Штраф за нарушение срока передачи товара,известь 4кг,771729737,"9,13",57934180082,известь 4кг,,,,,,,5753166737,25005056320260920,3135148478056
Саныч,46285,Штраф за нарушение срока передачи товара,известь 2 кг,566189857,"4,26",57936440537,известь 2 кг,,,,,,,5754873084,25005056320260920,3135148478055
Саныч,46285,Штраф за нарушение срока передачи товара,известь 2 кг,566189857,"13,61",57931449455,известь 2 кг,,,,,,,5750959683,25005056320260920,3135148478054
Саныч,46285,Штраф за нарушение срока передачи товара,бидон 5л 1шт,1246051832,"35,31",57927394792,бидон 5л 1шт,,,,,,,5750195090,25005056320260920,3135148478053
Саныч,46285,Штраф за нарушение срока передачи товара,мел 12кг,769654701,"31,76",57931165352,мел 12кг,,,,,,,5750670725,25005056320260920,3135148478052
Саныч,46285,Штраф за нарушение срока передачи товара,известь 4кг,771729737,"15,41",57931009952,известь 4кг,,,,,,,5750501332,25005056320260920,3135148478051
Саныч,46285,Штраф за нарушение срока передачи товара,ведро оцинкованное 12 л 1шт,1240712757,"6,44",57937167847,ведро оцинкованное 12 л 1шт,,,,,,,5755600645,25005056320260920,3135148478050
Саныч,46285,Штраф за нарушение срока передачи товара,известь 10 кг,566189860,"4,02",57928599896,известь 10 кг,,,,,,,5756560049,25005056320260920,3135148478049
Саныч,46285,Штраф за нарушение срока передачи товара,бидон 10л 2шт,1249688169,"21,23",57934715984,бидон 10л 2шт,,,,,,,5753706515,25005056320260920,3135148478048
Саныч,46285,Штраф за нарушение срока передачи товара,известь 2 кг,566189857,"12,32",57932549473,известь 2 кг,,,,,,,5751532220,25005056320260920,3135148478047
Саныч,46285,Штраф за нарушение срока передачи товара,известь 4кг,771729737,"2,22",57928239178,известь 4кг,,,,,,,5756198255,25005056320260920,3135148478046
Саныч,46285,Штраф за нарушение срока передачи товара,известь 4 кг,566189858,"7,73",57935909613,известь 4 кг,,,,,,,5754342625,25005056320260920,3135148478045
Саныч,46285,Штраф за нарушение срока передачи товара,ведро оцинкованное 15 л 1шт,1241057287,"5,28",57937263872,ведро оцинкованное 15 л 1шт,,,,,,,5755698482,25005056320260920,3135148478044
Саныч,46285,Штраф за нарушение срока передачи товара,ведро оцинкованное 15 л 1шт,1241057287,"5,24",57937263875,ведро оцинкованное 15 л 1шт,,,,,,,5755698479,25005056320260920,3135148478043
Саныч,46285,Штраф за нарушение срока передачи товара,известь 10кг + ведро оцинк 12л,1515740424,"18,25",57935670635,известь 10кг + ведро оцинк 12л,,,,,,,5754096689,25005056320260920,3135148478042
Саныч,46285,Штраф за нарушение срока передачи товара,известь 6 кг,566189859,"18,96",57934742768,известь 6 кг,,,,,,,5753731954,25005056320260920,3135148478041
Саныч,46285,Штраф за нарушение срока передачи товара,известь 10 кг,566189860,"4,47",57928529552,известь 10 кг,,,,,,,5756489869,25005056320260920,3135148478040
Саныч,46285,Платное хранение возвратов на ПВЗ более 3 дней,ведро 12л 1шт,1120558429,"20,00",39250845132,ведро 12л 1шт,,,,,,,0,25005056320260920,3135148478039
Саныч,46285,Штраф за нарушение срока передачи товара,ведро оцинкованное 15 л 1шт,1241057287,"5,21",57937263876,ведро оцинкованное 15 л 1шт,,,,,,,5755698483,25005056320260920,3135148478038
Саныч,46285,Штраф за нарушение срока передачи товара,ведро оцинкованное 15 л 1шт,1241057287,"5,24",57937263847,ведро оцинкованное 15 л 1шт,,,,,,,5755698474,25005056320260920,3135148478037
Саныч,46285,Штраф за нарушение срока передачи товара,ведро оцинкованное 15 л 1шт,1241057287,"5,24",57937263868,ведро оцинкованное 15 л 1шт,,,,,,,5755698476,25005056320260920,3135148478036
Саныч,46285,Штраф за нарушение срока передачи товара,ведро оцинкованное 15 л 1шт,1241057287,"5,17",57937263860,ведро оцинкованное 15 л 1шт,,,,,,,5755698477,25005056320260920,3135148478035
Саныч,46285,Платное хранение возвратов на ПВЗ более 3 дней,ведро оцинкованное 15 л 1шт,1241057287,"10,00",32041722854,ведро оцинкованное 15 л 1шт,,,,,,,0,25005056320260920,3135148478034
Саныч,46285,Платное хранение возвратов на ПВЗ более 3 дней,ведро 12л 1шт,1120558429,"20,00",34234178700,ведро 12л 1шт,,,,,,,0,25005056320260920,3135148478033
Саныч,46285,Штраф за нарушение срока передачи товара,метла гар 1шт,1260779020,"11,51",57936511610,метла гар 1шт,,,,,,,5754945924,25005056320260920,3135148478032
Саныч,46285,Штраф за нарушение срока передачи товара,грабли 1шт 22зуб мет (без черенка),1275035966,"21,29",57932328470,грабли 1шт 22зуб мет (без черенка),,,,,,,5751321349,25005056320260920,3135148478031
Саныч,46285,Штраф за нарушение срока передачи товара,известь 10кг + ведро оцинк 12л,1515740424,"12,82",57936588098,известь 10кг + ведро оцинк 12л,,,,,,,5755023134,25005056320260920,3135148478030
Саныч,46285,Штраф за нарушение срока передачи товара,ведро 12л 10шт,1124967281,"12,17",57928376386,ведро 12л 10шт,,,,,,,5756336061,25005056320260920,3135148478029
Саныч,46285,Штраф за нарушение срока передачи товара,грабли 1шт 22зуб мет (без черенка),1275035966,"23,02",57931353864,грабли 1шт 22зуб мет (без черенка),,,,,,,5750866252,25005056320260920,3135148478028
Саныч,46285,Штраф за нарушение срока передачи товара,известь 6 кг,566189859,"7,27",57928287856,известь 6 кг,,,,,,,5756247284,25005056320260920,3135148478027
Саныч,46285,Штраф за нарушение срока передачи товара,известь 10 кг,566189860,"39,63",57931233962,известь 10 кг,,,,,,,5750743709,25005056320260920,3135148478026
Саныч,46285,Штраф за нарушение срока передачи товара,ведро оцинкованное 12 л 1шт,1240712757,"8,87",57936645246,ведро оцинкованное 12 л 1шт,,,,,,,5755081076,25005056320260920,3135148478025
Саныч,46285,Штраф за нарушение срока передачи товара,"лопаташтык с черенком (перч,саморез2)",1299169518,"34,72",57932808761,"лопаташтык с черенком (перч,саморез2)",,,,,,,5751793096,25005056320260920,3135148478024
Саныч,46285,Штраф за нарушение срока передачи товара,лоток кр 30 п10,1182684265,"58,74",57934397463,лоток кр 30 п10,,,,,,,5753387140,25005056320260920,3135148478023
Саныч,46285,Штраф за нарушение срока передачи товара,"лопаташтык с черенком (перч,саморез2)",1299169518,"5,37",57928408742,"лопаташтык с черенком (перч,саморез2)",,,,,,,5756276120,25005056320260920,3135148478022
Саныч,46285,Штраф за нарушение срока передачи товара,известь 2 кг,566189857,"2,46",57937336197,известь 2 кг,,,,,,,5755784123,25005056320260920,3135148478021
Саныч,46285,Штраф за нарушение срока передачи товара,ведро 12л 1шт,1120558429,"6,10",57936225585,ведро 12л 1шт,,,,,,,5754657746,25005056320260920,3135148478020
Саныч,46285,Штраф за нарушение срока передачи товара,известь 4кг,771729737,"12,83",57932486401,известь 4кг,,,,,,,5751470642,25005056320260920,3135148478019
Саныч,46285,Штраф за нарушение срока передачи товара,известь 4 кг,566189858,"12,57",57934135062,известь 4 кг,,,,,,,5753137404,25005056320260920,3135148478018
Саныч,46285,Штраф за нарушение срока передачи товара,известь 2 кг,566189857,"0,23",57928950528,известь 2 кг,,,,,,,5756909734,25005056320260920,3135148478017
Саныч,46285,Штраф за нарушение срока передачи товара,"лопаташтык с черенком (перч,саморез2)",1299169518,"0,02",57929245735,"лопаташтык с черенком (перч,саморез2)",,,,,,,5757206537,25005056320260920,3135148478016
Саныч,46285,Штраф за нарушение срока передачи товара,известь 2 кг,566189857,"2,82",57937161278,известь 2 кг,,,,,,,5755594465,25005056320260920,3135148478015
Саныч,46285,Платное хранение возвратов на ПВЗ более 3 дней,ведро оцинкованное 15 л 1шт,1241057287,"10,00",32041722850,ведро оцинкованное 15 л 1шт,,,,,,,0,25005056320260920,3135148478014
Саныч,46285,Штраф за нарушение срока передачи товара,бидон 5л 1шт,1246051832,"22,20",57932455932,бидон 5л 1шт,,,,,,,5751436976,25005056320260920,3135148478013
Саныч,46285,Штраф за нарушение срока передачи товара,известь 2 кг,566189857,"10,31",57933426664,известь 2 кг,,,,,,,5752411210,25005056320260920,3135148478012
Саныч,46285,Платное хранение возвратов на ПВЗ более 3 дней,ведро оцинкованное 15 л 1шт,1241057287,"10,00",32041722852,ведро оцинкованное 15 л 1шт,,,,,,,0,25005056320260920,3135148478011
Саныч,46285,Штраф за нарушение срока передачи товара,ведро оцинкованное 12 л 3шт,1240752909,"58,21",57932486935,ведро оцинкованное 12 л 3шт,,,,,,,5751471305,25005056320260920,3135148478010
Саныч,46285,Штраф за нарушение срока передачи товара,грабли 1шт 22зуб мет (без черенка),1275035966,"18,23",57927781589,грабли 1шт 22зуб мет (без черенка),,,,,,,5752200155,25005056320260920,3135148478009
Саныч,46285,Платное хранение возвратов на ПВЗ более 3 дней,метла гар 1шт,1260779020,"10,00",51643408572,метла гар 1шт,,,,,,,0,25005056320260920,3135148478008
Саныч,46285,Платное хранение возвратов на ПВЗ более 3 дней,бидон 10л 1шт,1249688168,"20,00",53495922728,бидон 10л 1шт,,,,,,,0,25005056320260920,3135148478007
Саныч,46285,Платное хранение возвратов на ПВЗ более 3 дней,метла гар 1шт,1260779020,"10,00",43018677591,метла гар 1шт,,,,,,,0,25005056320260920,3135148478006
Саныч,46285,Платное хранение возвратов на ПВЗ более 3 дней,ведро туалет 17л сер,1515475863,"20,00",41661770376,ведро туалет 17л сер,,,,,,,0,25005056320260920,3135148478005
Саныч,46285,Штраф за нарушение срока передачи товара,бидон 5л 2шт,1249664695,"26,78",57934116722,бидон 5л 2шт,,,,,,,5753118195,25005056320260920,3135148478004
Саныч,46285,Платное хранение возвратов на ПВЗ более 3 дней,ведро оцинкованное 15 л 1шт,1241057287,"10,00",32041722848,ведро оцинкованное 15 л 1шт,,,,,,,0,25005056320260920,3135148478003
Саныч,46285,Платное хранение возвратов на ПВЗ более 3 дней,метла гар 1шт,1260779020,"10,00",31804722535,метла гар 1шт,,,,,,,0,25005056320260920,3135148478002
Саныч,46285,Платное хранение возвратов на ПВЗ более 3 дней,ведро оцинкованное 9 л 1шт,1239306507,"20,00",49828164965,ведро оцинкованное 9 л 1шт,,,,,,,0,25005056320260920,3135148478001
Саныч,46285,Платное хранение возвратов на ПВЗ более 3 дней,ведро туалет 17л сер,1515475863,"10,00",57632094530,ведро туалет 17л сер,,,,,,,0,25005056320260920,3135148478000
Саныч,46285,Штраф за нарушение срока передачи товара,известь 2 кг,566189857,"5,95",57935540007,известь 2 кг,,,,,,,5753966022,25005056320260920,3135148477999
Саныч,46285,Штраф за нарушение срока передачи товара,известь 10 кг,566189860,"27,73",57933745937,известь 10 кг,,,,,,,5752736386,25005056320260920,3135148477998
Саныч,46285,Штраф за нарушение срока передачи товара,грабли 1шт 22зуб мет (с черенком),1275035965,"41,27",57927805479,грабли 1шт 22зуб мет (с черенком),,,,,,,5750217986,25005056320260920,3135148477997
Саныч,46285,Штраф за нарушение срока передачи товара,грабли 1шт 22зуб мет (с черенком),1275035965,"17,05",57934708493,грабли 1шт 22зуб мет (с черенком),,,,,,,5753699199,25005056320260920,3135148477996
Саныч,46285,Штраф за нарушение срока передачи товара,грабли 1шт 15зуб мет(перч),1266418446,"37,24",57932197662,грабли 1шт 15зуб мет(перч),,,,,,,5751165655,25005056320260920,3135148477995
Саныч,46285,Штраф за нарушение срока передачи товара,метла гар 1шт,1260779020,"25,27",57933813891,метла гар 1шт,,,,,,,5752802927,25005056320260920,3135148477994
Саныч,46285,Штраф за нарушение срока передачи товара,бидон 5л 2шт,1249664695,"9,27",57937103154,бидон 5л 2шт,,,,,,,5755537287,25005056320260920,3135148477993
Саныч,46285,Штраф за нарушение срока передачи товара,известь 2 кг,566189857,"2,14",57927983050,известь 2 кг,,,,,,,5755940125,25005056320260920,3135148477992
Саныч,46285,Штраф за нарушение срока передачи товара,метла гар 1шт,1260779020,"3,60",57928581047,метла гар 1шт,,,,,,,5756541060,25005056320260920,3135148477991
Саныч,46285,Штраф за нарушение срока передачи товара,ведро 12л 10шт,1124967281,"86,53",57932108570,ведро 12л 10шт,,,,,,,5751072463,25005056320260920,3135148477990
Саныч,46285,Штраф за нарушение срока передачи товара,грабли 1шт 22зуб мет (с черенком),1275035965,"32,79",57932525590,грабли 1шт 22зуб мет (с черенком),,,,,,,5751508964,25005056320260920,3135148477989
Саныч,46285,Штраф за нарушение срока передачи товара,известь 2 кг,566189857,"10,94",57927735791,известь 2 кг,,,,,,,5752154152,25005056320260920,3135148477988
Саныч,46285,Штраф за нарушение срока передачи товара,известь 10кг + ведро оцинк 12л,1515740424,"37,40",57932821720,известь 10кг + ведро оцинк 12л,,,,,,,5751766218,25005056320260920,3135148477987
Саныч,46285,Штраф за нарушение срока передачи товара,известь 6 кг,566189859,"25,94",57933002902,известь 6 кг,,,,,,,5751989874,25005056320260920,3135148477986
Саныч,46285,Штраф за нарушение срока передачи товара,грабли 1шт 22зуб мет (с черенком),1275035965,"22,50",57934495327,грабли 1шт 22зуб мет (с черенком),,,,,,,5753486660,25005056320260920,3135148477985
Саныч,46285,Штраф за нарушение срока передачи товара,мел 12кг,769654701,"11,38",57933856785,мел 12кг,,,,,,,5752844460,25005056320260920,3135148477984
Саныч,46285,Штраф за нарушение срока передачи товара,известь 4 кг,566189858,"3,97",57937384996,известь 4 кг,,,,,,,5755818214,25005056320260920,3135148477983
Саныч,46285,Штраф за нарушение срока передачи товара,известь 2 кг,566189857,"15,65",57927400601,известь 2 кг,,,,,,,5750200720,25005056320260920,3135148477982
Саныч,46285,Штраф за нарушение срока передачи товара,известь 4 кг,566189858,"17,16",57932558277,известь 4 кг,,,,,,,5751540304,25005056320260920,3135148477981
Саныч,46285,Штраф за нарушение срока передачи товара,"лопаташтык с черенком (перч,саморез2)",1299169518,"40,84",57931395824,"лопаташтык с черенком (перч,саморез2)",,,,,,,5750871113,25005056320260920,3135148477980
Саныч,46285,Штраф за нарушение срока передачи товара,грабли 1шт 22зуб мет (с черенком),1275035965,"32,21",57932616998,грабли 1шт 22зуб мет (с черенком),,,,,,,5751600125,25005056320260920,3135148477979
Саныч,46285,Штраф за нарушение срока передачи товара,грабли 1шт 15зуб мет(перч),1266418446,"42,34",57927613136,грабли 1шт 15зуб мет(перч),,,,,,,5750414284,25005056320260920,3135148477978
Саныч,46285,Штраф за нарушение срока передачи товара,известь 4кг,771729737,"5,18",57936122286,известь 4кг,,,,,,,5754552875,25005056320260920,3135148477977
Саныч,46285,Штраф за нарушение срока передачи товара,грабли 1шт 22зуб мет (с черенком),1275035965,"11,62",57936597619,грабли 1шт 22зуб мет (с черенком),,,,,,,5755033219,25005056320260920,3135148477976
Саныч,46285,Штраф за нарушение срока передачи товара,известь 6 кг,566189859,"28,63",57932321348,известь 6 кг,,,,,,,5751314186,25005056320260920,3135148477975
Саныч,46285,Штраф за нарушение срока передачи товара,известь 6 кг,566189859,"11,16",57936753449,известь 6 кг,,,,,,,5755187059,25005056320260920,3135148477974
Саныч,46285,Штраф за нарушение срока передачи товара,метла гар 1шт,1260779020,"6,02",57928116510,метла гар 1шт,,,,,,,5756075186,25005056320260920,3135148477973
Саныч,46285,Штраф за нарушение срока передачи товара,ведро туалет 17л сер,1515475863,"45,10",57932788416,ведро туалет 17л сер,,,,,,,5751772483,25005056320260920,3135148477972
Саныч,46285,Штраф за нарушение срока передачи товара,грабли 1шт 22зуб мет (с черенком),1275035965,"36,10",57931442505,грабли 1шт 22зуб мет (с черенком),,,,,,,5750952629,25005056320260920,3135148477971
Саныч,46285,Штраф за нарушение срока передачи товара,известь 2 кг,566189857,"9,50",57933804817,известь 2 кг,,,,,,,5752793976,25005056320260920,3135148477970
Саныч,46285,Штраф за нарушение срока передачи товара,метла гар 1шт,1260779020,"30,97",57932753066,метла гар 1шт,,,,,,,5751734088,25005056320260920,3135148477969
Саныч,46285,Штраф за нарушение срока передачи товара,известь 4 кг,566189858,"16,70",57932694325,известь 4 кг,,,,,,,5751676865,25005056320260920,3135148477968
Саныч,46285,Штраф за нарушение срока передачи товара,известь 4 кг,566189858,"19,85",57927640406,известь 4 кг,,,,,,,5750559491,25005056320260920,3135148477967
Саныч,46285,Штраф за нарушение срока передачи товара,"лопаташтык с черенком (перч,саморез2)",1299169518,"25,05",57934367239,"лопаташтык с черенком (перч,саморез2)",,,,,,,5753357327,25005056320260920,3135148477966
Саныч,46285,Штраф за нарушение срока передачи товара,известь 2 кг,566189857,"10,75",57933261656,известь 2 кг,,,,,,,5752240573,25005056320260920,3135148477965
Саныч,46285,Штраф за нарушение срока передачи товара,известь 10кг + ведро оцинк 12л,1515740424,"32,03",57933579303,известь 10кг + ведро оцинк 12л,,,,,,,5752569777,25005056320260920,3135148477964
Саныч,46285,Штраф за нарушение срока передачи товара,известь 10 кг,566189860,"21,14",57934870902,известь 10 кг,,,,,,,5753871155,25005056320260920,3135148477963
Саныч,46285,Штраф за нарушение срока передачи товара,грабли 1шт 22зуб мет (без черенка),1275035966,"10,02",57935654294,грабли 1шт 22зуб мет (без черенка),,,,,,,5754079495,25005056320260920,3135148477962
Саныч,46285,Штраф за нарушение срока передачи товара,грабли 1шт 22зуб мет (с черенком),1275035965,"16,25",57935654293,грабли 1шт 22зуб мет (с черенком),,,,,,,5754079497,25005056320260920,3135148477961
Саныч,46285,Штраф за нарушение срока передачи товара,метла гар 1шт,1260779020,"30,92",57932753049,метла гар 1шт,,,,,,,5751734082,25005056320260920,3135148477960
Саныч,46285,Штраф за нарушение срока передачи товара,бидон 10л 2шт,1249688169,"36,36",57933106707,бидон 10л 2шт,,,,,,,5752077904,25005056320260920,3135148477959
Саныч,46285,Штраф за нарушение срока передачи товара,"лопаташтык с черенком (перч,саморез2)",1299169518,"17,35",57935678301,"лопаташтык с черенком (перч,саморез2)",,,,,,,5754104518,25005056320260920,3135148477958
Саныч,46285,Штраф за нарушение срока передачи товара,известь 10кг + ведро оцинк 12л,1515740424,"19,78",57934855813,известь 10кг + ведро оцинк 12л,,,,,,,5753855465,25005056320260920,3135148477957
Саныч,46285,Штраф за нарушение срока передачи товара,метла гар 1шт,1260779020,"14,91",57935802571,метла гар 1шт,,,,,,,5754227819,25005056320260920,3135148477956
Саныч,46285,Штраф за нарушение срока передачи товара,известь 10кг + ведро оцинк 12л,1515740424,"25,56",57934501082,известь 10кг + ведро оцинк 12л,,,,,,,5753491866,25005056320260920,3135148477955
Саныч,46285,Штраф за нарушение срока передачи товара,мел 12кг,769654701,"3,82",57936192040,мел 12кг,,,,,,,5754624908,25005056320260920,3135148477954
Саныч,46285,Штраф за нарушение срока передачи товара,бидон 5л 1шт,1246051832,"34,74",57927627845,бидон 5л 1шт,,,,,,,5750264008,25005056320260920,3135148477953
Саныч,46285,Штраф за нарушение срока передачи товара,бидон 5л 1шт,1246051832,"34,69",57927627852,бидон 5л 1шт,,,,,,,5750264010,25005056320260920,3135148477952
Саныч,46285,Штраф за нарушение срока передачи товара,известь 4 кг,566189858,"8,15",57935759270,известь 4 кг,,,,,,,5754185866,25005056320260920,3135148477951
Саныч,46285,Штраф за нарушение срока передачи товара,известь 10 кг,566189860,"4,97",57928437237,известь 10 кг,,,,,,,5756396853,25005056320260920,3135148477950
Саныч,46285,Штраф за нарушение срока передачи товара,известь 10кг + ведро оцинк 12л,1515740424,"3,56",57928539442,известь 10кг + ведро оцинк 12л,,,,,,,5756499886,25005056320260920,3135148477949
Саныч,46285,Штраф за нарушение срока передачи товара,грабли 1шт 22зуб мет (без черенка),1275035966,"0,79",57929059594,грабли 1шт 22зуб мет (без черенка),,,,,,,5757019188,25005056320260920,3135148477948
Саныч,46285,Штраф за нарушение срока передачи товара,известь 4кг,771729737,"12,59",57932669878,известь 4кг,,,,,,,5751653127,25005056320260920,3135148477947
Саныч,46285,Штраф за нарушение срока передачи товара,известь 10 кг,566189860,"7,67",57927936709,известь 10 кг,,,,,,,5755892313,25005056320260920,3135148477946
Саныч,46285,Штраф за нарушение срока передачи товара,грабли 1шт 22зуб мет (без черенка),1275035966,"32,95",57927457768,грабли 1шт 22зуб мет (без черенка),,,,,,,5750258913,25005056320260920,3135148477945
Саныч,46285,Штраф за нарушение срока передачи товара,известь 10 кг,566189860,"16,52",57935752223,известь 10 кг,,,,,,,5754179144,25005056320260920,3135148477944
Саныч,46285,Штраф за нарушение срока передачи товара,грабли 1шт 22зуб мет (с черенком),1275035965,"24,83",57934203103,грабли 1шт 22зуб мет (с черенком),,,,,,,5753192814,25005056320260920,3135148477943
Саныч,46285,Штраф за нарушение срока передачи товара,известь 6 кг,566189859,"38,46",57932047003,известь 6 кг,,,,,,,5751011434,25005056320260920,3135148477942
Саныч,46285,Штраф за нарушение срока передачи товара,известь 10кг + ведро оцинк 12л,1515740424,"2,08",57928774402,известь 10кг + ведро оцинк 12л,,,,,,,5756729578,25005056320260920,3135148477941
Саныч,46285,Штраф за нарушение срока передачи товара,ведро туалет 17л беж,1442769822,"3,18",57928445533,ведро туалет 17л беж,,,,,,,5756405185,25005056320260920,3135148477940
Саныч,46285,Штраф за нарушение срока передачи товара,известь 4кг,771729737,"14,20",57932038466,известь 4кг,,,,,,,5751003016,25005056320260920,3135148477939
Саныч,46285,Штраф за нарушение срока передачи товара,мел 12кг,769654701,"27,81",57932449817,мел 12кг,,,,,,,5751424180,25005056320260920,3135148477938
Саныч,46285,Штраф за нарушение срока передачи товара,метла гар 1шт,1260779020,"36,30",57931292848,метла гар 1шт,,,,,,,5750801717,25005056320260920,3135148477937
Саныч,46285,Штраф за нарушение срока передачи товара,известь 4 кг,566189858,"15,83",57932914522,известь 4 кг,,,,,,,5751895264,25005056320260920,3135148477936
Саныч,46285,Штраф за нарушение срока передачи товара,мел 4кг,769654699,"2,53",57928363770,мел 4кг,,,,,,,5756298755,25005056320260920,3135148477935
Саныч,46285,Штраф за нарушение срока передачи товара,грабли 1шт 22зуб мет (без черенка),1275035966,"12,82",57934752150,грабли 1шт 22зуб мет (без черенка),,,,,,,5753740720,25005056320260920,3135148477934
Саныч,46285,Штраф за нарушение срока передачи товара,ведро туалет 17л беж,1442769822,"10,13",57927883542,ведро туалет 17л беж,,,,,,,5755837191,25005056320260920,3135148477933
Саныч,46285,Штраф за нарушение срока передачи товара,ведро 12л 1шт,1120558429,"4,03",57936720901,ведро 12л 1шт,,,,,,,5755154468,25005056320260920,3135148477932
Саныч,46285,Штраф за нарушение срока передачи товара,ведро 12л 1шт,1120558429,"1,39",57928490896,ведро 12л 1шт,,,,,,,5756450398,25005056320260920,3135148477931
Саныч,46285,Штраф за нарушение срока передачи товара,ведро 12л 1шт,1120558429,"6,35",57935671114,ведро 12л 1шт,,,,,,,5754097165,25005056320260920,3135148477930
Саныч,46285,Штраф за нарушение срока передачи товара,известь 10кг + ведро оцинк 12л,1515740424,"36,71",57932897828,известь 10кг + ведро оцинк 12л,,,,,,,5751880059,25005056320260920,3135148477929
Саныч,46285,Штраф за нарушение срока передачи товара,мел 2кг,769654698,"2,19",57935808693,мел 2кг,,,,,,,5754233184,25005056320260920,3135148477928
Саныч,46285,Штраф за нарушение срока передачи товара,грабли 1шт 22зуб мет (с черенком),1275035965,"23,20",57934397417,грабли 1шт 22зуб мет (с черенком),,,,,,,5753387092,25005056320260920,3135148477927
Саныч,46285,Штраф за нарушение срока передачи товара,ведро туалет 17л сер,1515475863,"17,35",57936189929,ведро туалет 17л сер,,,,,,,5754622604,25005056320260920,3135148477926
Саныч,46285,Штраф за нарушение срока передачи товара,мел 2кг,769654698,"9,26",57931329540,мел 2кг,,,,,,,5750837092,25005056320260920,3135148477925
Саныч,46285,Штраф за нарушение срока передачи товара,"лопаташтык с черенком (перч,саморез2)",1299169518,"26,92",57934046064,"лопаташтык с черенком (перч,саморез2)",,,,,,,5753046680,25005056320260920,3135148477924
Саныч,46285,Штраф за нарушение срока передачи товара,грабли 1шт 22зуб мет (без черенка),1275035966,"4,83",57937293052,грабли 1шт 22зуб мет (без черенка),,,,,,,5755726621,25005056320260920,3135148477923
Саныч,46285,Штраф за нарушение срока передачи товара,известь 2 кг,566189857,"6,02",57935536827,известь 2 кг,,,,,,,5753962447,25005056320260920,3135148477922
Саныч,46285,Штраф за нарушение срока передачи товара,известь 2 кг,566189857,"5,95",57935542145,известь 2 кг,,,,,,,5753968159,25005056320260920,3135148477921
Саныч,46285,Штраф за нарушение срока передачи товара,известь 10 кг,566189860,"24,93",57934229786,известь 10 кг,,,,,,,5753219989,25005056320260920,3135148477920
Саныч,46285,Штраф за нарушение срока передачи товара,известь 4кг,771729737,"5,01",57936297971,известь 4кг,,,,,,,5754743896,25005056320260920,3135148477919
Саныч,46285,Штраф за нарушение срока передачи товара,известь 10кг + ведро оцинк 12л,1515740424,"40,56",57932318639,известь 10кг + ведро оцинк 12л,,,,,,,5751311480,25005056320260920,3135148477918
Саныч,46285,Штраф за нарушение срока передачи товара,известь 4кг,771729737,"4,97",57936297974,известь 4кг,,,,,,,5754743897,25005056320260920,3135148477917
Саныч,46285,Штраф за нарушение срока передачи товара,известь 6 кг,566189859,"3,90",57929222997,известь 6 кг,,,,,,,5757183677,25005056320260920,3135148477916
Саныч,46285,Штраф за нарушение срока передачи товара,"лопаташтык с черенком (перч,саморез2)",1299169518,"28,17",57933893607,"лопаташтык с черенком (перч,саморез2)",,,,,,,5752884171,25005056320260920,3135148477915
Саныч,46285,Штраф за нарушение срока передачи товара,известь 4кг,771729737,"6,61",57934873054,известь 4кг,,,,,,,5753873523,25005056320260920,3135148477914
Саныч,46285,Штраф за нарушение срока передачи товара,известь 10 кг,566189860,"16,52",57935762521,известь 10 кг,,,,,,,5754188850,25005056320260920,3135148477913
Саныч,46285,Штраф за нарушение срока передачи товара,бидон 5л 2шт,1249664695,"30,98",57933483509,бидон 5л 2шт,,,,,,,5752467338,25005056320260920,3135148477912
Саныч,46285,Штраф за нарушение срока передачи товара,грабли 1шт 22зуб мет (с черенком),1275035965,"25,41",57933800527,грабли 1шт 22зуб мет (с черенком),,,,,,,5752789876,25005056320260920,3135148477911
Саныч,46285,Штраф за нарушение срока передачи товара,грабли 1шт 22зуб мет (без черенка),1275035966,"4,74",57937321345,грабли 1шт 22зуб мет (без черенка),,,,,,,5755753734,25005056320260920,3135148477910
Саныч,46285,Штраф за нарушение срока передачи товара,мел 4кг,769654699,"12,39",57934101203,мел 4кг,,,,,,,5753103764,25005056320260920,3135148477909
Саныч,46285,Штраф за нарушение срока передачи товара,известь 4кг,771729737,"1,24",57928685826,известь 4кг,,,,,,,5756646170,25005056320260920,3135148477908
Саныч,46285,Штраф за нарушение срока передачи товара,грабли 1шт 22зуб мет (с черенком),1275035965,"13,21",57936034032,грабли 1шт 22зуб мет (с черенком),,,,,,,5754467671,25005056320260920,3135148477907
Саныч,46285,Штраф за нарушение срока передачи товара,грабли 1шт 22зуб мет (с черенком),1275035965,"14,56",57936034050,грабли 1шт 22зуб мет (с черенком),,,,,,,5754467670,25005056320260920,3135148477906
Саныч,46285,Штраф за нарушение срока передачи товара,мел 6кг,769654700,"10,48",57933078679,мел 6кг,,,,,,,5752064406,25005056320260920,3135148477905
Саныч,46285,Штраф за нарушение срока передачи товара,известь 4 кг,566189858,"6,25",57936482795,известь 4 кг,,,,,,,5754917271,25005056320260920,3135148477904
Саныч,46285,Штраф за нарушение срока передачи товара,известь 10 кг,566189860,"13,47",57936332216,известь 10 кг,,,,,,,5754778808,25005056320260920,3135148477903
Саныч,46285,Штраф за нарушение срока передачи товара,мел 2кг,769654698,"9,10",57934891188,мел 2кг,,,,,,,5753795078,25005056320260920,3135148477902
Саныч,46285,Штраф за нарушение срока передачи товара,известь 4 кг,566189858,"6,27",57936482800,известь 4 кг,,,,,,,5754917273,25005056320260920,3135148477901
Саныч,46285,Штраф за нарушение срока передачи товара,грабли 1шт 22зуб мет (с черенком),1275035965,"14,61",57936034055,грабли 1шт 22зуб мет (с черенком),,,,,,,5754467673,25005056320260920,3135148477900
Саныч,46285,Штраф за нарушение срока передачи товара,известь 6 кг,566189859,"6,93",57928384815,известь 6 кг,,,,,,,5756344269,25005056320260920,3135148477899
Саныч,46285,Штраф за нарушение срока передачи товара,грабли 1шт 15зуб мет(перч),1266418446,"36,93",57932249020,грабли 1шт 15зуб мет(перч),,,,,,,5751215824,25005056320260920,3135148477898
Саныч,46285,Штраф за нарушение срока передачи товара,грабли 1шт 22зуб мет (с черенком),1275035965,"4,25",57928531560,грабли 1шт 22зуб мет (с черенком),,,,,,,5756491686,25005056320260920,3135148477897
Саныч,46285,Штраф за нарушение срока передачи товара,известь 6 кг,566189859,"11,88",57936542139,известь 6 кг,,,,,,,5754975916,25005056320260920,3135148477896
Саныч,46285,Штраф за нарушение срока передачи товара,известь 10 кг,566189860,"8,12",57937375469,известь 10 кг,,,,,,,5755807956,25005056320260920,3135148477895
Саныч,46285,Штраф за нарушение срока передачи товара,известь 6 кг,566189859,"1,97",57930560260,известь 6 кг,,,,,,,5757715995,25005056320260920,3135148477894
Саныч,46285,Штраф за нарушение срока передачи товара,известь 2 кг,566189857,"9,06",57934071694,известь 2 кг,,,,,,,5753012635,25005056320260920,3135148477893
Саныч,46285,Штраф за нарушение срока передачи товара,известь 4 кг,566189858,"16,29",57932782528,известь 4 кг,,,,,,,5751766961,25005056320260920,3135148477892
Саныч,46285,Штраф за нарушение срока передачи товара,"лопаташтык с черенком (перч,саморез2)",1299169518,"43,59",57930993303,"лопаташтык с черенком (перч,саморез2)",,,,,,,5750484700,25005056320260920,3135148477891
Саныч,46285,Штраф за нарушение срока передачи товара,бидон 8л 2шт,1249688166,"9,32",57937247269,бидон 8л 2шт,,,,,,,5755681526,25005056320260920,3135148477890
Саныч,46285,Штраф за нарушение срока передачи товара,известь 10 кг,566189860,"16,01",57935852093,известь 10 кг,,,,,,,5754285946,25005056320260920,3135148477889
Саныч,46285,Штраф за нарушение срока передачи товара,известь 4 кг,566189858,"7,90",57935770650,известь 4 кг,,,,,,,5754196661,25005056320260920,3135148477888
Саныч,46285,Штраф за нарушение срока передачи товара,"лопаташтык с черенком (перч,саморез2)",1299169518,"36,97",57932483708,"лопаташтык с черенком (перч,саморез2)",,,,,,,5751435859,25005056320260920,3135148477887
Саныч,46285,Штраф за нарушение срока передачи товара,бидон 5л 2шт,1249664695,"43,78",57931104380,бидон 5л 2шт,,,,,,,5750610838,25005056320260920,3135148477886
Саныч,46285,Штраф за нарушение срока передачи товара,мел 12кг,769654701,"25,18",57932982412,мел 12кг,,,,,,,5751970406,25005056320260920,3135148477885
Саныч,46285,Штраф за нарушение срока передачи товара,известь 10 кг,566189860,"12,87",57936459880,известь 10 кг,,,,,,,5754893679,25005056320260920,3135148477884
Саныч,46285,Штраф за нарушение срока передачи товара,ведро 12л 5шт,1124967280,"36,10",57934354039,ведро 12л 5шт,,,,,,,5753344731,25005056320260920,3135148477883
Саныч,46285,Штраф за нарушение срока передачи товара,известь 2 кг,566189857,"10,46",57933378848,известь 2 кг,,,,,,,5752358433,25005056320260920,3135148477882
Саныч,46285,Штраф за нарушение срока передачи товара,бидон 5л 1шт,1246051832,"8,18",57935987224,бидон 5л 1шт,,,,,,,5754420831,25005056320260920,3135148477881
Саныч,46285,Штраф за нарушение срока передачи товара,ведро 12л 1шт,1120558429,"3,88",57936791948,ведро 12л 1шт,,,,,,,5755226192,25005056320260920,3135148477880
Саныч,46285,Штраф за нарушение срока передачи товара,известь 4кг,771729737,"1,58",57928465628,известь 4кг,,,,,,,5756425287,25005056320260920,3135148477879
Саныч,46285,Штраф за нарушение срока передачи товара,известь 6 кг,566189859,"11,98",57936522362,известь 6 кг,,,,,,,5754954551,25005056320260920,3135148477878
Саныч,46285,Штраф за нарушение срока передачи товара,метла гар 1шт,1260779020,"19,79",57934887390,метла гар 1шт,,,,,,,5753791643,25005056320260920,3135148477877
Саныч,46285,Штраф за нарушение срока передачи товара,известь 4 кг,566189858,"15,14",57927784168,известь 4 кг,,,,,,,5752202641,25005056320260920,3135148477876
Саныч,46285,Штраф за нарушение срока передачи товара,известь 6 кг,566189859,"9,16",57937286861,известь 6 кг,,,,,,,5755720481,25005056320260920,3135148477875
Саныч,46285,Штраф за нарушение срока передачи товара,ведро оцинкованное 12 л 3шт,1240752909,"0,86",57928923453,ведро оцинкованное 12 л 3шт,,,,,,,5756882209,25005056320260920,3135148477874
Саныч,46285,Штраф за нарушение срока передачи товара,известь 2 кг,566189857,"6,04",57927838063,известь 2 кг,,,,,,,5753907348,25005056320260920,3135148477873
Саныч,46285,Штраф за нарушение срока передачи товара,известь 10кг + ведро оцинк 12л,1515740424,"5,39",57928255477,известь 10кг + ведро оцинк 12л,,,,,,,5756214810,25005056320260920,3135148477872
Саныч,46285,Штраф за нарушение срока передачи товара,известь 10 кг,566189860,"33,15",57932811078,известь 10 кг,,,,,,,5751795607,25005056320260920,3135148477871
Саныч,46285,Штраф за нарушение срока передачи товара,известь 4кг,771729737,"0,98",57928849895,известь 4кг,,,,,,,5756807354,25005056320260920,3135148477870
Саныч,46285,Штраф за нарушение срока передачи товара,кашпо б 5л 6шт,1244428806,"147,14",57926872548,кашпо б 5л 6шт,,,,,,,5748874308,25005056320260920,3135148477869
Саныч,46285,Штраф за нарушение срока передачи товара,известь 10 кг,566189860,"41,67",57930951294,известь 10 кг,,,,,,,5750441536,25005056320260920,3135148477868
Саныч,46285,Штраф за нарушение срока передачи товара,известь 2 кг,566189857,"1,84",57928154448,известь 2 кг,,,,,,,5756113105,25005056320260920,3135148477867
Саныч,46285,Штраф за нарушение срока передачи товара,грабли 1шт 22зуб мет (с черенком),1275035965,"17,84",57934544030,грабли 1шт 22зуб мет (с черенком),,,,,,,5753534852,25005056320260920,3135148477866
Саныч,46285,Штраф за нарушение срока передачи товара,известь 2 кг,566189857,"3,19",57936981060,известь 2 кг,,,,,,,5755415823,25005056320260920,3135148477865
Саныч,46285,Штраф за нарушение срока передачи товара,известь 6 кг,566189859,"40,78",57931114663,известь 6 кг,,,,,,,5750620828,25005056320260920,3135148477864
Саныч,46285,Штраф за нарушение срока передачи товара,известь 2 кг,566189857,"8,06",57934485799,известь 2 кг,,,,,,,5753473064,25005056320260920,3135148477863
Саныч,46285,Штраф за нарушение срока передачи товара,известь 6 кг,566189859,"11,53",57936640724,известь 6 кг,,,,,,,5755076456,25005056320260920,3135148477862
Саныч,46285,Штраф за нарушение срока передачи товара,ведро 12л 10шт,1124967281,"17,29",57928004024,ведро 12л 10шт,,,,,,,5755961836,25005056320260920,3135148477861
Саныч,46285,Штраф за нарушение срока передачи товара,известь 10 кг,566189860,"38,99",57931326664,известь 10 кг,,,,,,,5750834250,25005056320260920,3135148477860
Саныч,46285,Штраф за нарушение срока передачи товара,известь 4 кг,566189858,"17,59",57932374123,известь 4 кг,,,,,,,5751369501,25005056320260920,3135148477859
Саныч,46285,Штраф за нарушение срока передачи товара,"лопаташтык с черенком (перч,саморез2)",1299169518,"11,15",57936798596,"лопаташтык с черенком (перч,саморез2)",,,,,,,5755233045,25005056320260920,3135148477858
Саныч,46285,Штраф за нарушение срока передачи товара,известь 4 кг,566189858,"13,21",57933930938,известь 4 кг,,,,,,,5752922014,25005056320260920,3135148477857
Саныч,46285,Штраф за нарушение срока передачи товара,"лопаташтык с черенком (перч,саморез2)",1299169518,"6,76",57928055590,"лопаташтык с черенком (перч,саморез2)",,,,,,,5756014065,25005056320260920,3135148477856
Саныч,46285,Штраф за нарушение срока передачи товара,известь 6 кг,566189859,"16,71",57935855542,известь 6 кг,,,,,,,5754289331,25005056320260920,3135148477855
Саныч,46285,Штраф за нарушение срока передачи товара,метла гар 1шт,1260779020,"12,68",57936258366,метла гар 1шт,,,,,,,5754684298,25005056320260920,3135148477854
Саныч,46285,Штраф за нарушение срока передачи товара,ведро 12л 1шт,1120558429,"4,41",57936672899,ведро 12л 1шт,,,,,,,5755107770,25005056320260920,3135148477853
Саныч,46285,Штраф за нарушение срока передачи товара,грабли 1шт 22зуб мет (с черенком),1275035965,"23,08",57934463568,грабли 1шт 22зуб мет (с черенком),,,,,,,5753451663,25005056320260920,3135148477852
Саныч,46285,Штраф за нарушение срока передачи товара,известь 4 кг,566189858,"13,47",57933825023,известь 4 кг,,,,,,,5752814110,25005056320260920,3135148477851
Саныч,46285,Штраф за нарушение срока передачи товара,известь 10 кг,566189860,"55,22",57927477365,известь 10 кг,,,,,,,5750278467,25005056320260920,3135148477850
Саныч,46285,Штраф за нарушение срока передачи товара,известь 2 кг,566189857,"2,31",57927892113,известь 2 кг,,,,,,,5755846133,25005056320260920,3135148477849
Саныч,46285,Штраф за нарушение срока передачи товара,известь 4кг,771729737,"1,37",57928608045,известь 4кг,,,,,,,5756567862,25005056320260920,3135148477848
Саныч,46285,Штраф за нарушение срока передачи товара,известь 6 кг,566189859,"15,70",57936097523,известь 6 кг,,,,,,,5754529572,25005056320260920,3135148477847
Саныч,46285,Штраф за нарушение срока передачи товара,известь 4 кг,566189858,"5,28",57936886168,известь 4 кг,,,,,,,5755321894,25005056320260920,3135148477846
Саныч,46285,Штраф за нарушение срока передачи товара,грабли 1шт 22зуб мет (с черенком),1275035965,"3,35",57928608514,грабли 1шт 22зуб мет (с черенком),,,,,,,5756568329,25005056320260920,3135148477845
Саныч,46285,Штраф за нарушение срока передачи товара,метла гар 1шт,1260779020,"31,95",57932558920,метла гар 1шт,,,,,,,5751540749,25005056320260920,3135148477844
Саныч,46285,Штраф за нарушение срока передачи товара,известь 4 кг,566189858,"6,89",57936212517,известь 4 кг,,,,,,,5754645184,25005056320260920,3135148477843
Саныч,46285,Штраф за нарушение срока передачи товара,ведро 12л 1шт,1120558429,"0,67",57929027790,ведро 12л 1шт,,,,,,,5756986077,25005056320260920,3135148477842
Саныч,46285,Штраф за нарушение срока передачи товара,известь 2 кг,566189857,"3,02",57937077805,известь 2 кг,,,,,,,5755512558,25005056320260920,3135148477841
Саныч,46285,Штраф за нарушение срока передачи товара,известь 4 кг,566189858,"18,55",57932101612,известь 4 кг,,,,,,,5751066100,25005056320260920,3135148477840
Саныч,46285,Штраф за нарушение срока передачи товара,грабли 1шт 22зуб мет (с черенком),1275035965,"8,43",57937174590,грабли 1шт 22зуб мет (с черенком),,,,,,,5755606876,25005056320260920,3135148477839
Саныч,46285,Штраф за нарушение срока передачи товара,грабли 1шт 22зуб мет (без черенка),1275035966,"2,99",57928571883,грабли 1шт 22зуб мет (без черенка),,,,,,,5756328585,25005056320260920,3135148477838
Саныч,46285,Штраф за нарушение срока передачи товара,известь 4кг,771729737,"10,00",57933807821,известь 4кг,,,,,,,5752797042,25005056320260920,3135148477837
Саныч,46285,Штраф за нарушение срока передачи товара,метла гар 1шт,1260779020,"2,44",57928821824,метла гар 1шт,,,,,,,5756778551,25005056320260920,3135148477836
Саныч,46285,Штраф за нарушение срока передачи товара,ведро туалет 17л сер,1515475863,"17,83",57936148659,ведро туалет 17л сер,,,,,,,5754582647,25005056320260920,3135148477835
Саныч,46285,Штраф за нарушение срока передачи товара,известь 6 кг,566189859,"11,49",57936663215,известь 6 кг,,,,,,,5755098652,25005056320260920,3135148477834
Саныч,46285,Штраф за нарушение срока передачи товара,известь 2 кг,566189857,"2,80",57937184567,известь 2 кг,,,,,,,5755620546,25005056320260920,3135148477833
Саныч,46285,Штраф МП. Невыполненный заказ (отмена продавцом),лоток чер 30 бп н2,1223840871,"1601,60",57608790163,лоток чер 30 бп н2,,,,,,,5667437223,25005056320260920,3135148477832
Саныч,46285,Штраф МП. Невыполненный заказ (отмена продавцом),лоток чер 6 бп н2,1223840885,"310,00",57587984666,лоток чер 6 бп н2,,,,,,,5665560623,25005056320260920,3135148477830
Саныч,46285,Штраф за нарушение срока передачи товара,бидон 5л 1шт,1246051832,"22,23",57931426973,бидон 5л 1шт,,,,,,,5750936980,25005056320260920,3135148477829
Саныч,46285,Штраф за нарушение срока передачи товара,ведро туалет 17л беж,1442769822,"38,21",57927725415,ведро туалет 17л беж,,,,,,,5752143826,25005056320260920,3135148477828
Саныч,46285,Штраф за нарушение срока передачи товара,ведро туалет 17л сер,1515475863,"15,28",57936354475,ведро туалет 17л сер,,,,,,,5754708298,25005056320260920,3135148477827
Саныч,46285,Штраф за нарушение срока передачи товара,ведро туалет 17л беж,1442769822,"2,43",57928493624,ведро туалет 17л беж,,,,,,,5756453259,25005056320260920,3135148477826
Саныч,46285,Штраф за нарушение срока передачи товара,ведро туалет 17л беж,1442769822,"50,32",57931192495,ведро туалет 17л беж,,,,,,,5750696546,25005056320260920,3135148477825
Саныч,46285,Штраф за нарушение срока передачи товара,бидон 5л 1шт,1246051832,"24,09",57931043676,бидон 5л 1шт,,,,,,,5750535004,25005056320260920,3135148477824
Саныч,46285,Штраф за нарушение срока передачи товара,лоток чер 30 бп,1223840882,"0,06",57932717237,лоток чер 30 бп,,,,,,,5751699259,25005056320260920,3135148477823
Саныч,46285,Штраф за нарушение срока передачи товара,ведро 12л 1шт,1120558429,"0,48",57932178121,ведро 12л 1шт,,,,,,,5751146405,25005056320260920,3135148477822
Саныч,46285,Штраф МП. Невыполненный заказ,лоток чер 6 бп н2,1223840885,"193,75",57434369835,лоток чер 6 бп н2,,,,,,,5635301066,25005056320260920,3135148477821
AIR,46285,Штраф за нарушение срока передачи товара,вазон 6л черный,316465164,"3,34",57928642916,вазон 6л черный,,,,,,,5756602818,95361120260920,3135160691035
AIR,46285,Штраф за нарушение срока передачи товара,3шт-вазон 22л белый,771963173,"110,26",57932229563,3шт-вазон 22л белый,,,,,,,5751197461,95361120260920,3135160691034
AIR,46285,Платное хранение возвратов на ПВЗ более 3 дней,вазон 6л черный,316465164,"10,00",34221668425,вазон 6л черный,,,,,,,0,95361120260920,3135160691033
AIR,46285,Штраф за нарушение срока передачи товара,вазон 2шт черные 17л,326579192,"14,30",57937169468,вазон 2шт черные 17л,,,,,,,5755602032,95361120260920,3135160691032
AIR,46285,Штраф за нарушение срока передачи товара,3шт-вазон 5л белый,418209992,"6,11",57928661842,3шт-вазон 5л белый,,,,,,,5756621974,95361120260920,3135160691031
AIR,46285,Штраф за нарушение срока передачи товара,вазон 2шт черные 17л,326579192,"49,06",57927739981,вазон 2шт черные 17л,,,,,,,5752158324,95361120260920,3135160691030
AIR,46285,Платное хранение возвратов на ПВЗ более 3 дней,3шт -вазон 12л коричневый,397001517,"20,00",35894443990,3шт -вазон 12л коричневый,,,,,,,0,95361120260920,3135160691029
AIR,46285,Штраф за нарушение срока передачи товара,вазон 1л черный,341457303,"15,43",57931116664,вазон 1л черный,,,,,,,5750622929,95361120260920,3135160691028
AIR,46285,Платное хранение возвратов на ПВЗ более 3 дней,вазон 17л черный,316464156,"20,00",51703985399,вазон 17л черный,,,,,,,0,95361120260920,3135160691027
AIR,46285,Платное хранение возвратов на ПВЗ более 3 дней,3шт-вазон 12л белый,363602607,"20,00",36050805943,3шт-вазон 12л белый,,,,,,,0,95361120260920,3135160691026
AIR,46285,Платное хранение возвратов на ПВЗ более 3 дней,вазон 12л белый,397000269,"10,00",48515176545,вазон 12л белый,,,,,,,0,95361120260920,3135160691025
AIR,46285,Платное хранение возвратов на ПВЗ более 3 дней,вазоны 2шт черные 6л,347376587,"20,00",49828426706,вазоны 2шт черные 6л,,,,,,,0,95361120260920,3135160691024
AIR,46285,Платное хранение возвратов на ПВЗ более 3 дней,вазон 2шт белый 17л,326578448,"10,00",39483933159,вазон 2шт белый 17л,,,,,,,0,95361120260920,3135160691023
AIR,46285,Платное хранение возвратов на ПВЗ более 3 дней,ваза 17л черная 2шт,327128558,"10,00",48714382382,ваза 17л черная 2шт,,,,,,,0,95361120260920,3135160691022
AIR,46285,Платное хранение возвратов на ПВЗ более 3 дней,3шт-вазон 12л белый,363602607,"10,00",53288759657,3шт-вазон 12л белый,,,,,,,0,95361120260920,3135160691021
AIR,46285,Платное хранение возвратов на ПВЗ более 3 дней,3шт -вазон 12л коричневый,397001517,"10,00",35008840263,3шт -вазон 12л коричневый,,,,,,,0,95361120260920,3135160691020
AIR,46285,Платное хранение возвратов на ПВЗ более 3 дней,"вазон 4,5л белый",341470309,"20,00",39263053024,"вазон 4,5л белый",,,,,,,0,95361120260920,3135160691019
AIR,46285,Платное хранение возвратов на ПВЗ более 3 дней,вазон 6л черный,316465164,"20,00",15369683435,вазон 6л черный,,,,,,,0,95361120260920,3135160691018
AIR,46285,Штраф за нарушение срока передачи товара,вазон 2шт черные 17л,326579192,"42,77",57933571605,вазон 2шт черные 17л,,,,,,,5752561722,95361120260920,3135160691017
AIR,46285,Штраф за нарушение срока передачи товара,3шт-вазон 5л белый,418209992,"46,27",57933787570,3шт-вазон 5л белый,,,,,,,5752777210,95361120260920,3135160691016
AIR,46285,Штраф за нарушение срока передачи товара,3шт-вазон 12л белый,363602607,"24,05",57936638251,3шт-вазон 12л белый,,,,,,,5755073748,95361120260920,3135160691015
AIR,46285,Штраф за нарушение срока передачи товара,3шт-вазон 12л белый,363602607,"64,11",57932744461,3шт-вазон 12л белый,,,,,,,5751725750,95361120260920,3135160691014
AIR,46285,Штраф за нарушение срока передачи товара,3шт -вазон 12л коричневый,397001517,"22,39",57936789299,3шт -вазон 12л коричневый,,,,,,,5755223538,95361120260920,3135160691013
AIR,46285,Штраф за нарушение срока передачи товара,3шт-вазон 12л белый,363602607,"76,04",57932176302,3шт-вазон 12л белый,,,,,,,5751144609,95361120260920,3135160691012
AIR,46285,Штраф за нарушение срока передачи товара,3шт-вазон 12л белый,363602607,"51,80",57934173502,3шт-вазон 12л белый,,,,,,,5753160159,95361120260920,3135160691011
AIR,46285,Штраф за нарушение срока передачи товара,вазон 17л черный,316464156,"40,00",57932433018,вазон 17л черный,,,,,,,5751407463,95361120260920,3135160691010
AIR,46285,Штраф за нарушение срока передачи товара,3шт-вазон 12л белый,363602607,"36,47",57927833173,3шт-вазон 12л белый,,,,,,,5753902347,95361120260920,3135160691009
AIR,46285,Штраф за нарушение срока передачи товара,"вазон 2,5л черный",341460915,"2,76",57928183341,"вазон 2,5л черный",,,,,,,5756142073,95361120260920,3135160691008
AIR,46285,Штраф за нарушение срока передачи товара,вазон 1л черный,341457303,"6,66",57934760293,вазон 1л черный,,,,,,,5753749028,95361120260920,3135160691007
AIR,46285,Штраф за нарушение срока передачи товара,3шт-вазон 12л белый,363602607,"56,55",57933767003,3шт-вазон 12л белый,,,,,,,5752757273,95361120260920,3135160691006
AIR,46285,Штраф за нарушение срока передачи товара,вазон 1л черный,341457303,"6,64",57934760284,вазон 1л черный,,,,,,,5753749027,95361120260920,3135160691005
AIR,46285,Штраф за нарушение срока передачи товара,вазон 2шт черные 17л,326579192,"50,27",57933043837,вазон 2шт черные 17л,,,,,,,5752031123,95361120260920,3135160691004
AIR,46285,Штраф за нарушение срока передачи товара,вазон 17л черный,316464156,"38,59",57932262526,вазон 17л черный,,,,,,,5751229070,95361120260920,3135160691003
AIR,46285,Штраф за нарушение срока передачи товара,3шт -вазон 12л коричневый,397001517,"61,60",57933251852,3шт -вазон 12л коричневый,,,,,,,5752230820,95361120260920,3135160691002
AIR,46285,Штраф за нарушение срока передачи товара,3шт -вазон 12л коричневый,397001517,"112,73",57927390031,3шт -вазон 12л коричневый,,,,,,,5750190424,95361120260920,3135160691001
AIR,46285,Штраф за нарушение срока передачи товара,3шт-вазон 12л белый,363602607,"48,39",57934435201,3шт-вазон 12л белый,,,,,,,5753423730,95361120260920,3135160691000
AIR,46285,Штраф за нарушение срока передачи товара,вазон 6л черный,316465164,"34,12",57932608100,вазон 6л черный,,,,,,,5751588182,95361120260920,3135160690999
AIR,46285,Штраф за нарушение срока передачи товара,3шт-вазон 22л белый,771963173,"11,80",57928620746,3шт-вазон 22л белый,,,,,,,5756580113,95361120260920,3135160690998
AIR,46285,Штраф за нарушение срока передачи товара,вазон 2шт белый 17л,326578448,"7,88",57928908321,вазон 2шт белый 17л,,,,,,,5756866820,95361120260920,3135160690997
AIR,46285,Штраф за нарушение срока передачи товара,вазоны 2шт белые 6л,344983282,"45,32",57933595901,вазоны 2шт белые 6л,,,,,,,5752586716,95361120260920,3135160690996
AIR,46285,Штраф за нарушение срока передачи товара,3шт-вазон 5л коричневый,418211190,"12,98",57937035272,3шт-вазон 5л коричневый,,,,,,,5755471690,95361120260920,3135160690995
AIR,46285,Штраф за нарушение срока передачи товара,ваза 6л черный,327126800,"40,37",57934068693,ваза 6л черный,,,,,,,5753012532,95361120260920,3135160690994
AIR,46285,Штраф за нарушение срока передачи товара,вазоны 2шт черные 6л,347376587,"1,69",57929076822,вазоны 2шт черные 6л,,,,,,,5757028631,95361120260920,3135160690993
AIR,46285,Штраф за нарушение срока передачи товара,вазон 2шт черные 17л,326579192,"2,40",57929061026,вазон 2шт черные 17л,,,,,,,5757020619,95361120260920,3135160690992
AIR,46285,Штраф за нарушение срока передачи товара,"вазон 2,5л черный",341460915,"3,16",57928035314,"вазон 2,5л черный",,,,,,,5755993472,95361120260920,3135160690991
AIR,46285,Штраф за нарушение срока передачи товара,"вазон 2,5л черный",341460915,"2,96",57928035312,"вазон 2,5л черный",,,,,,,5755993471,95361120260920,3135160690990
AIR,46285,Штраф за нарушение срока передачи товара,ваза 6л черный,327126800,"16,57",57936797084,ваза 6л черный,,,,,,,5755231402,95361120260920,3135160690989
AIR,46285,Штраф за нарушение срока передачи товара,ваза 6л черный,327126800,"16,65",57936797079,ваза 6л черный,,,,,,,5755231401,95361120260920,3135160690988
AIR,46285,Штраф за нарушение срока передачи товара,ваза 6л черный,327126800,"16,57",57936797085,ваза 6л черный,,,,,,,5755231403,95361120260920,3135160690987
AIR,46285,Штраф за нарушение срока передачи товара,вазон 22л белый,771965776,"41,06",57932468898,вазон 22л белый,,,,,,,5751452646,95361120260920,3135160690986
AIR,46285,Штраф за нарушение срока передачи товара,вазон 22л белый,771965776,"41,28",57932468892,вазон 22л белый,,,,,,,5751452645,95361120260920,3135160690985
AIR,46285,Штраф за нарушение срока передачи товара,вазоны 2шт белые 6л,344983282,"44,08",57933348392,вазоны 2шт белые 6л,,,,,,,5752327835,95361120260920,3135160690984
AIR,46285,Штраф за нарушение срока передачи товара,3шт-вазон 12л белый,363602607,"10,27",57928358397,3шт-вазон 12л белый,,,,,,,5756317797,95361120260920,3135160690983
AIR,46285,Штраф за нарушение срока передачи товара,"вазон 2,5л черный",341460915,"17,81",57932261975,"вазон 2,5л черный",,,,,,,5751228519,95361120260920,3135160690982
AIR,46285,Штраф за нарушение срока передачи товара,3шт -вазон 12л коричневый,397001517,"79,34",57931249422,3шт -вазон 12л коричневый,,,,,,,5750759429,95361120260920,3135160690981
AIR,46285,Штраф за нарушение срока передачи товара,"вазон 2,5л черный",341460915,"2,54",57928199706,"вазон 2,5л черный",,,,,,,5756158418,95361120260920,3135160690980
AIR,46285,Штраф за нарушение срока передачи товара,"вазон 2,5л белый",341463250,"20,06",57932521095,"вазон 2,5л белый",,,,,,,5751504337,95361120260920,3135160690979
AIR,46285,Штраф за нарушение срока передачи товара,вазон 22л белый,771965776,"9,17",57937029508,вазон 22л белый,,,,,,,5755461992,95361120260920,3135160690976
AIR,46285,Штраф за нарушение срока передачи товара,вазон 1л черный,341457303,"11,48",57927739398,вазон 1л черный,,,,,,,5752157710,95361120260920,3135160690975
AIR,46285,Штраф за нарушение срока передачи товара,вазон 1л черный,341457303,"6,55",57934760288,вазон 1л черный,,,,,,,5753749026,95361120260920,3135160690974
AIR,46285,Штраф за нарушение срока передачи товара,вазон 1л черный,341457303,"11,57",57927689893,вазон 1л черный,,,,,,,5752106918,95361120260920,3135160690973
AIR,46285,Штраф за нарушение срока передачи товара,ветошь хпп 50м,226438033,"94,87",57930956588,ветошь хпп 50м,,,,,,,5750446999,95361120260920,3135160690972
AIR,46285,Штраф за нарушение срока передачи товара,"3шт-горшок 2,5л белый венеция",802027900,"3,14",57932180004,"3шт-горшок 2,5л белый венеция",,,,,,,5751148059,95361120260920,3135160690971
Саныч,46284,Штраф МП. Невыполненный заказ (отмена продавцом),лоток чер 6 бп н2,1223840885,"310,00",57532795762,лоток чер 6 бп н2,,,,,,,5652011465,25005056320260919,3135086288903
AIR,46284,Штраф за нарушение срока передачи товара,вазон 22л белый,771965776,"5,53",57780115498,вазон 22л белый,,,,,,,5719239746,95361120260919,3135091406545
Хозяюшка,46283,Штраф за нарушение срока передачи товара,гипс 12 кг,1543004431,"13,91",57815582212,гипс 12 кг,,,,,,,5729690873,25017326820260918,3135007117172
Хозяюшка,46283,Штраф за нарушение срока передачи товара,цемент - 10 кг,1508796599,"32,21",57815984725,цемент - 10 кг,,,,,,,5726550921,25017326820260918,3135007117171
Хозяюшка,46283,Штраф за нарушение срока передачи товара,ведро пласт с крышкой 10л 1 шт,1497431550,"5,00",57815837613,ведро пласт с крышкой 10л 1 шт,,,,,,,5730448573,25017326820260918,3135007117170
Хозяюшка,46283,Штраф за нарушение срока передачи товара,цемент - 5 кг,1508796598,"5,48",57818516473,цемент - 5 кг,,,,,,,5729868064,25017326820260918,3135007117169
Хозяюшка,46283,Штраф за нарушение срока передачи товара,цемент - 2 кг,1508796597,"3,65",57818548668,цемент - 2 кг,,,,,,,5729915434,25017326820260918,3135007117168
Хозяюшка,46283,Штраф за нарушение срока передачи товара,цемент - 10 кг,1508796599,"99,75",54639783287,цемент - 10 кг,,,,,,,5721327216,25017326820260918,3135007117167
Хозяюшка,46283,Штраф за нарушение срока передачи товара,цемент - 10 кг,1508796599,"111,52",57780397211,цемент - 10 кг,,,,,,,5719706563,25017326820260918,3135007117166
Хозяюшка,46283,Штраф за нарушение срока передачи товара,цемент - 10 кг,1508796599,"111,45",57780397208,цемент - 10 кг,,,,,,,5719706565,25017326820260918,3135007117165
Хозяюшка,46283,Штраф за нарушение срока передачи товара,цемент - 10 кг,1508796599,"102,74",54639640260,цемент - 10 кг,,,,,,,5720931844,25017326820260918,3135007117164
Саныч,46283,Штраф МП. Невыполненный заказ (отмена продавцом),лоток чер 6 бп н2,1223840885,"310,00",57501477681,лоток чер 6 бп н2,,,,,,,5648173197,25005056320260918,3135000616348
Саныч,46283,Штраф за нарушение срока передачи товара,бидон 5л 1шт,1246051832,"14,20",57817233283,бидон 5л 1шт,,,,,,,5727843310,25005056320260918,3135000616346
Саныч,46283,Штраф за нарушение срока передачи товара,известь 4 кг,566189858,"61,92",57780642796,известь 4 кг,,,,,,,5720103986,25005056320260918,3135000616345
Саныч,46283,Штраф за нарушение срока передачи товара,ведро туалет 17л сер,1515475863,"24,06",57817517528,ведро туалет 17л сер,,,,,,,5728286674,25005056320260918,3135000616344
Саныч,46283,Штраф за нарушение срока передачи товара,известь 2 кг,566189857,"2,47",57818753652,известь 2 кг,,,,,,,5730224164,25005056320260918,3135000616343
Саныч,46283,Штраф за нарушение срока передачи товара,ведро 12л 10шт,1124967281,"64,60",57816994454,ведро 12л 10шт,,,,,,,5727489569,25005056320260918,3135000616342
Саныч,46283,Штраф за нарушение срока передачи товара,известь 4 кг,566189858,"55,98",57800070098,известь 4 кг,,,,,,,5721485516,25005056320260918,3135000616341
Саныч,46283,Штраф за нарушение срока передачи товара,бидон 8л 2шт,1249688166,"9,46",57818520036,бидон 8л 2шт,,,,,,,5729873414,25005056320260918,3135000616340
Саныч,46283,Штраф за нарушение срока передачи товара,известь 4 кг,566189858,"67,20",57778158846,известь 4 кг,,,,,,,5718765964,25005056320260918,3135000616339
Саныч,46283,Штраф за нарушение срока передачи товара,известь 6 кг,566189859,"4,30",57818839597,известь 6 кг,,,,,,,5730350471,25005056320260918,3135000616338
Саныч,46283,Штраф за нарушение срока передачи товара,бидон 10л 1шт,1249688168,"7,92",57815514267,бидон 10л 1шт,,,,,,,5729489547,25005056320260918,3135000616337
Саныч,46283,Штраф за нарушение срока передачи товара,известь 6 кг,566189859,"14,81",57817468624,известь 6 кг,,,,,,,5728210599,25005056320260918,3135000616336
Саныч,46283,Штраф за нарушение срока передачи товара,"лопаташтык с черенком (перч,саморез2)",1299169518,"4,76",57819025521,"лопаташтык с черенком (перч,саморез2)",,,,,,,5730626050,25005056320260918,3135000616335
Саныч,46283,Штраф за нарушение срока передачи товара,известь 4 кг,566189858,"66,49",57779922368,известь 4 кг,,,,,,,5718911819,25005056320260918,3135000616334
Саныч,46283,Штраф за нарушение срока передачи товара,ведро туалет 17л беж,1442769822,"5,77",57815886976,ведро туалет 17л беж,,,,,,,5730594080,25005056320260918,3135000616333
Саныч,46283,Штраф за нарушение срока передачи товара,известь 4 кг,566189858,"47,70",54640487036,известь 4 кг,,,,,,,5723403586,25005056320260918,3135000616332
Саныч,46283,Штраф за нарушение срока передачи товара,известь 2 кг,566189857,"6,47",57815107515,известь 2 кг,,,,,,,5728399268,25005056320260918,3135000616331
Саныч,46283,Штраф за нарушение срока передачи товара,известь 6 кг,566189859,"14,93",57817452254,известь 6 кг,,,,,,,5728185298,25005056320260918,3135000616330
Саныч,46283,Штраф за нарушение срока передачи товара,известь 4 кг,566189858,"67,34",57778140723,известь 4 кг,,,,,,,5718717443,25005056320260918,3135000616329
Саныч,46283,Штраф за нарушение срока передачи товара,известь 4 кг,566189858,"45,33",57811566563,известь 4 кг,,,,,,,5723986815,25005056320260918,3135000616328
Саныч,46283,Штраф за нарушение срока передачи товара,известь 4 кг,566189858,"56,95",57799952774,известь 4 кг,,,,,,,5721305412,25005056320260918,3135000616327
Саныч,46283,Штраф за нарушение срока передачи товара,известь 2 кг,566189857,"8,92",57814919058,известь 2 кг,,,,,,,5727933551,25005056320260918,3135000616326
Саныч,46283,Штраф за нарушение срока передачи товара,известь 6 кг,566189859,"2,27",57819195176,известь 6 кг,,,,,,,5730876708,25005056320260918,3135000616325
Саныч,46283,Штраф за нарушение срока передачи товара,известь 4 кг,566189858,"50,67",57803117685,известь 4 кг,,,,,,,5722694915,25005056320260918,3135000616324
Саныч,46283,Штраф за нарушение срока передачи товара,известь 4 кг,566189858,"68,23",57778059130,известь 4 кг,,,,,,,5718499881,25005056320260918,3135000616323
Саныч,46283,Штраф за нарушение срока передачи товара,известь 4 кг,566189858,"20,62",57814010040,известь 4 кг,,,,,,,5726368335,25005056320260918,3135000616322
Саныч,46283,Штраф за нарушение срока передачи товара,бидон 5л 1шт,1246051832,"9,60",57817711523,бидон 5л 1шт,,,,,,,5728604547,25005056320260918,3135000616321
Саныч,46283,Штраф за нарушение срока передачи товара,известь 4 кг,566189858,"41,47",57812154467,известь 4 кг,,,,,,,5724941605,25005056320260918,3135000616320
Саныч,46283,Штраф за нарушение срока передачи товара,известь 4 кг,566189858,"63,78",57780374249,известь 4 кг,,,,,,,5719668327,25005056320260918,3135000616319
Саныч,46283,Штраф за нарушение срока передачи товара,известь 4 кг,566189858,"41,88",57812084230,известь 4 кг,,,,,,,5724830174,25005056320260918,3135000616318
Саныч,46283,Штраф за нарушение срока передачи товара,известь 4 кг,566189858,"59,18",57790325218,известь 4 кг,,,,,,,5720791801,25005056320260918,3135000616317
Саныч,46283,Штраф за нарушение срока передачи товара,известь 4 кг,566189858,"64,36",57778430644,известь 4 кг,,,,,,,5719458806,25005056320260918,3135000616316
Саныч,46283,Штраф за нарушение срока передачи товара,бидон 10л 1шт,1249688168,"1,64",57819265451,бидон 10л 1шт,,,,,,,5730978484,25005056320260918,3135000616315
Саныч,46283,Штраф за нарушение срока передачи товара,известь 2 кг,566189857,"3,09",57818657877,известь 2 кг,,,,,,,5730080943,25005056320260918,3135000616314
Саныч,46283,Штраф за нарушение срока передачи товара,известь 4 кг,566189858,"17,56",57816057313,известь 4 кг,,,,,,,5726625886,25005056320260918,3135000616313
Саныч,46283,Штраф за нарушение срока передачи товара,бидон 5л 1шт,1246051832,"3,77",57815842881,бидон 5л 1шт,,,,,,,5730418932,25005056320260918,3135000616312
Саныч,46283,Штраф за нарушение срока передачи товара,ведро туалет 17л сер,1515475863,"24,54",57815035794,ведро туалет 17л сер,,,,,,,5728215731,25005056320260918,3135000616311
Саныч,46283,Штраф за нарушение срока передачи товара,ведро 12л 10шт,1124967281,"28,00",57815512964,ведро 12л 10шт,,,,,,,5729486112,25005056320260918,3135000616310
Саныч,46283,Штраф за нарушение срока передачи товара,известь 6 кг,566189859,"12,07",57815104676,известь 6 кг,,,,,,,5728391042,25005056320260918,3135000616309
Саныч,46283,Штраф за нарушение срока передачи товара,кашпо к 5л 3шт,1242230431,"98,21",57800134522,кашпо к 5л 3шт,,,,,,,5721581662,25005056320260918,3135000616308
Саныч,46283,Штраф за нарушение срока передачи товара,известь 4 кг,566189858,"54,13",57801570385,известь 4 кг,,,,,,,5721938302,25005056320260918,3135000616307
Саныч,46283,Штраф за нарушение срока передачи товара,известь 6 кг,566189859,"0,45",54642404238,известь 6 кг,,,,,,,5731318420,25005056320260918,3135000616306
Саныч,46283,Штраф за нарушение срока передачи товара,мел 2кг,769654698,"5,33",57817778078,мел 2кг,,,,,,,5728713827,25005056320260918,3135000616305
Саныч,46283,Штраф за нарушение срока передачи товара,известь 4 кг,566189858,"66,12",57778270831,известь 4 кг,,,,,,,5719039444,25005056320260918,3135000616304
Саныч,46283,Штраф за нарушение срока передачи товара,известь 6 кг,566189859,"0,48",54642404227,известь 6 кг,,,,,,,5731318421,25005056320260918,3135000616303
Саныч,46283,Штраф за нарушение срока передачи товара,мел 2кг,769654698,"5,78",57815146958,мел 2кг,,,,,,,5728501301,25005056320260918,3135000616302
Саныч,46283,Штраф за нарушение срока передачи товара,известь 6 кг,566189859,"0,38",54642404199,известь 6 кг,,,,,,,5731318419,25005056320260918,3135000616301
Саныч,46283,Штраф за нарушение срока передачи товара,известь 6 кг,566189859,"2,75",57815945338,известь 6 кг,,,,,,,5730782249,25005056320260918,3135000616300
Саныч,46283,Штраф за нарушение срока передачи товара,известь 6 кг,566189859,"2,68",57815945344,известь 6 кг,,,,,,,5730782251,25005056320260918,3135000616299
Саныч,46283,Штраф за нарушение срока передачи товара,бидон 10л 1шт,1249688168,"0,46",57819982275,бидон 10л 1шт,,,,,,,5731239670,25005056320260918,3135000616298
Саныч,46283,Штраф за нарушение срока передачи товара,известь 6 кг,566189859,"2,75",57815945328,известь 6 кг,,,,,,,5730782248,25005056320260918,3135000616297
Саныч,46283,Штраф за нарушение срока передачи товара,мел 4кг,769654699,"6,64",57815387669,мел 4кг,,,,,,,5729147527,25005056320260918,3135000616296
Саныч,46283,Штраф за нарушение срока передачи товара,ведро туалет 17л сер,1515475863,"19,86",57817848432,ведро туалет 17л сер,,,,,,,5728824727,25005056320260918,3135000616295
Саныч,46283,Штраф за нарушение срока передачи товара,известь 4 кг,566189858,"27,10",57813987508,известь 4 кг,,,,,,,5726343395,25005056320260918,3135000616294
Саныч,46283,Штраф за нарушение срока передачи товара,известь 4 кг,566189858,"15,68",57816342757,известь 4 кг,,,,,,,5726942079,25005056320260918,3135000616293
Саныч,46283,Штраф за нарушение срока передачи товара,известь 4 кг,566189858,"63,74",57780350358,известь 4 кг,,,,,,,5719628641,25005056320260918,3135000616292
Саныч,46283,Штраф за нарушение срока передачи товара,ведро 16л 1шт,1124967282,"14,24",57817278446,ведро 16л 1шт,,,,,,,5727913971,25005056320260918,3135000616291
Саныч,46283,Штраф за нарушение срока передачи товара,бидон 5л 2шт,1249664695,"16,84",57817792617,бидон 5л 2шт,,,,,,,5728736380,25005056320260918,3135000616290
Саныч,46283,Штраф за нарушение срока передачи товара,известь 4 кг,566189858,"63,45",57780405947,известь 4 кг,,,,,,,5719720713,25005056320260918,3135000616289
Саныч,46283,Штраф за нарушение срока передачи товара,ведро 12л 1шт,1120558429,"4,72",57818333406,ведро 12л 1шт,,,,,,,5729590688,25005056320260918,3135000616288
Саныч,46283,Штраф за нарушение срока передачи товара,известь 4 кг,566189858,"40,95",57812235332,известь 4 кг,,,,,,,5725066338,25005056320260918,3135000616287
Саныч,46283,Штраф за нарушение срока передачи товара,известь 4 кг,566189858,"60,10",57781586041,известь 4 кг,,,,,,,5720567319,25005056320260918,3135000616286
Саныч,46283,Штраф за нарушение срока передачи товара,известь 4 кг,566189858,"14,73",57816584704,известь 4 кг,,,,,,,5727156677,25005056320260918,3135000616285
Саныч,46283,Штраф за нарушение срока передачи товара,ведро туалет 17л сер,1515475863,"18,01",57818013949,ведро туалет 17л сер,,,,,,,5729090182,25005056320260918,3135000616284
Саныч,46283,Штраф за нарушение срока передачи товара,известь 4 кг,566189858,"18,83",57812979025,известь 4 кг,,,,,,,5726503323,25005056320260918,3135000616283
Саныч,46283,Штраф за нарушение срока передачи товара,известь 4 кг,566189858,"14,75",57816547906,известь 4 кг,,,,,,,5727117631,25005056320260918,3135000616282
Саныч,46283,Штраф за нарушение срока передачи товара,мел 2кг,769654698,"5,06",57815305087,мел 2кг,,,,,,,5728915781,25005056320260918,3135000616281
Саныч,46283,Штраф за нарушение срока передачи товара,известь 4 кг,566189858,"39,24",54642316628,известь 4 кг,,,,,,,5725404608,25005056320260918,3135000616280
Саныч,46283,Штраф за нарушение срока передачи товара,бидон 10л 1шт,1249688168,"9,71",57817995285,бидон 10л 1шт,,,,,,,5729060082,25005056320260918,3135000616279
Саныч,46283,Штраф за нарушение срока передачи товара,известь 4 кг,566189858,"55,83",57800123246,известь 4 кг,,,,,,,5721564611,25005056320260918,3135000616278
Саныч,46283,Штраф за нарушение срока передачи товара,известь 4 кг,566189858,"52,46",57802385978,известь 4 кг,,,,,,,5722350815,25005056320260918,3135000616277
Саныч,46283,Штраф за нарушение срока передачи товара,метла гар 1шт,1260779020,"11,08",57817574280,метла гар 1шт,,,,,,,5728376117,25005056320260918,3135000616276
Саныч,46283,Штраф за нарушение срока передачи товара,лоток кр 12 бп,1182677932,"17,94",57814907797,лоток кр 12 бп,,,,,,,5727899292,25005056320260918,3135000616275
Саныч,46283,Штраф за нарушение срока передачи товара,"лопатасовк с черенком (перч,саморез2)",1299201993,"6,85",57818148101,"лопатасовк с черенком (перч,саморез2)",,,,,,,5729301552,25005056320260918,3135000616274
Саныч,46283,Штраф за нарушение срока передачи товара,метла гар 1шт,1260779020,"7,91",57817954769,метла гар 1шт,,,,,,,5728994230,25005056320260918,3135000616273
Саныч,46283,Штраф за нарушение срока передачи товара,метла гар 1шт,1260779020,"11,31",57817551281,метла гар 1шт,,,,,,,5728339402,25005056320260918,3135000616272
AIR,46283,Штраф за нарушение срока передачи товара,вазон 2шт черные 17л,326579192,"10,86",57815724362,вазон 2шт черные 17л,,,,,,,5730135020,95361120260918,3135027956760
AIR,46283,Штраф за нарушение срока передачи товара,3шт-вазон 12л белый,363602607,"189,17",54641205053,3шт-вазон 12л белый,,,,,,,5723859149,95361120260918,3135027956759
AIR,46283,Штраф за нарушение срока передачи товара,вазон 2шт черные 17л,326579192,"201,02",57780424009,вазон 2шт черные 17л,,,,,,,5719750563,95361120260918,3135027956758
AIR,46283,Штраф за нарушение срока передачи товара,кашпо кор 5л 4 шт,1274995520,"33,72",57816204075,кашпо кор 5л 4 шт,,,,,,,5726771333,95361120260918,3135027956757
AIR,46283,Штраф за нарушение срока передачи товара,"вазон 4,5л черный",341468537,"10,50",57815208373,"вазон 4,5л черный",,,,,,,5728653012,95361120260918,3135027956756
AIR,46283,Штраф за нарушение срока передачи товара,"вазон 4,5л черный",341468537,"10,80",57815212719,"вазон 4,5л черный",,,,,,,5728664336,95361120260918,3135027956755
AIR,46283,Штраф за нарушение срока передачи товара,3шт-вазон 12л белый,363602607,"219,55",54640087152,3шт-вазон 12л белый,,,,,,,5722212897,95361120260918,3135027956754
AIR,46283,Штраф за нарушение срока передачи товара,вазоны 2шт черные 6л,347376587,"36,25",57817194083,вазоны 2шт черные 6л,,,,,,,5727782879,95361120260918,3135027956753
AIR,46283,Штраф за нарушение срока передачи товара,"ваза 2,5л черный",341251143,"57,15",57812703596,"ваза 2,5л черный",,,,,,,5725659237,95361120260918,3135027956752
AIR,46283,Штраф за нарушение срока передачи товара,вазоны 2шт черные 6л,347376587,"13,23",57818588581,вазоны 2шт черные 6л,,,,,,,5729974968,95361120260918,3135027956751
AIR,46283,Штраф за нарушение срока передачи товара,3шт-вазон 22л коричневый,771963170,"24,82",57815637297,3шт-вазон 22л коричневый,,,,,,,5729864540,95361120260918,3135027956750
AIR,46283,Штраф за нарушение срока передачи товара,ваза 17л черная 2шт,327128558,"193,40",57811933057,ваза 17л черная 2шт,,,,,,,5724585229,95361120260918,3135027956749
AIR,46283,Штраф за нарушение срока передачи товара,3шт-вазон 22л коричневый,771963170,"26,27",57815606451,3шт-вазон 22л коричневый,,,,,,,5729763697,95361120260918,3135027956748
AIR,46283,Штраф за нарушение срока передачи товара,3шт-вазон 5л белый,418209992,"16,47",57815593780,3шт-вазон 5л белый,,,,,,,5729723604,95361120260918,3135027956747
AIR,46283,Штраф за нарушение срока передачи товара,3шт-вазон 22л коричневый,771963170,"29,15",57815552349,3шт-вазон 22л коричневый,,,,,,,5729600809,95361120260918,3135027956746
AIR,46283,Штраф за нарушение срока передачи товара,3шт-вазон 5л белый,418209992,"16,47",57815593784,3шт-вазон 5л белый,,,,,,,5729723608,95361120260918,3135027956745
AIR,46283,Штраф за нарушение срока передачи товара,3шт-вазон 22л коричневый,771963170,"14,57",57818907247,3шт-вазон 22л коричневый,,,,,,,5730449179,95361120260918,3135027956744
AIR,46283,Штраф за нарушение срока передачи товара,"вазон 4,5л черный",341468537,"2,83",57819109683,"вазон 4,5л черный",,,,,,,5730752673,95361120260918,3135027956743
AIR,46283,Штраф за нарушение срока передачи товара," вазон 0,6л белый",771965774,"66,66",57780030352," вазон 0,6л белый",,,,,,,5719098841,95361120260918,3135027956742
AIR,46283,Штраф за нарушение срока передачи товара,3шт-вазон 12л белый,363602607,"67,35",57816204304,3шт-вазон 12л белый,,,,,,,5726771562,95361120260918,3135027956741
AIR,46283,Штраф за нарушение срока передачи товара,"вазон 2,5л черный",341460915,"10,75",57815058158,"вазон 2,5л черный",,,,,,,5728281290,95361120260918,3135027956740
AIR,46283,Штраф за нарушение срока передачи товара,"ваза 2,5л черный",341251143,"13,31",57817509186,"ваза 2,5л черный",,,,,,,5728274172,95361120260918,3135027956739
AIR,46283,Штраф за нарушение срока передачи товара,вазоны 2шт черные 6л,347376587,"3,17",57819296391,вазоны 2шт черные 6л,,,,,,,5731024488,95361120260918,3135027956738
AIR,46283,Штраф за нарушение срока передачи товара,ваза 6л черные 2шт,327127579,"30,38",57815299994,ваза 6л черные 2шт,,,,,,,5728901123,95361120260918,3135027956737
Хозяюшка,46282,Штраф за нарушение срока передачи товара,ведро пласт с крышкой 3л 5шт,1497431960,"72,48",57803222999,ведро пласт с крышкой 3л 5шт,,,,,,,5722852794,25017326820260917,3134938686604
Хозяюшка,46282,Штраф за нарушение срока передачи товара,ветошь хпп 30м (2),1416049670,"252,14",57745324573,ветошь хпп 30м (2),,,,,,,5709281704,25017326820260917,3134938686603
Хозяюшка,46282,Штраф за нарушение срока передачи товара,ветошь хпп 30м (2),1416049670,"239,05",57745808663,ветошь хпп 30м (2),,,,,,,5710053143,25017326820260917,3134938686602
Хозяюшка,46282,Штраф за нарушение срока передачи товара,ветошь хпп 30м (2),1416049670,"663,38",57677276382,ветошь хпп 30м (2),,,,,,,5692291952,25017326820260917,3134938686601
Хозяюшка,46282,Штраф за нарушение срока передачи товара,ветошь хпп 30м (2),1416049670,"55,81",57777205588,ветошь хпп 30м (2),,,,,,,5717332216,25017326820260917,3134938686600
Саныч,46282,Штраф за нарушение срока передачи товара,известь 10 кг,566189860,"111,84",57777786316,известь 10 кг,,,,,,,5717904546,25005056320260917,3134945528487
Саныч,46282,Штраф за нарушение срока передачи товара,известь 10 кг,566189860,"87,09",54639635028,известь 10 кг,,,,,,,5720916560,25005056320260917,3134945528486
Саныч,46282,Штраф за нарушение срока передачи товара,известь 10 кг,566189860,"94,36",57780622907,известь 10 кг,,,,,,,5720071240,25005056320260917,3134945528485
Саныч,46282,Штраф за нарушение срока передачи товара,бидон 10л 2шт,1249688169,"100,82",57799967929,бидон 10л 2шт,,,,,,,5721329247,25005056320260917,3134945528484
Саныч,46282,Штраф за нарушение срока передачи товара,известь 10 кг,566189860,"108,31",57778647168,известь 10 кг,,,,,,,5718325205,25005056320260917,3134945528483
Саныч,46282,Штраф за нарушение срока передачи товара,известь 10 кг,566189860,"107,86",57779072080,известь 10 кг,,,,,,,5718343615,25005056320260917,3134945528482
Саныч,46282,Штраф за нарушение срока передачи товара,известь 10 кг,566189860,"39,03",54642264809,известь 10 кг,,,,,,,5725203334,25005056320260917,3134945528481
Саныч,46282,Штраф за нарушение срока передачи товара,известь 10 кг,566189860,"107,86",57778011591,известь 10 кг,,,,,,,5718339325,25005056320260917,3134945528480
Саныч,46282,Штраф за нарушение срока передачи товара,известь 10 кг,566189860,"107,94",57778647411,известь 10 кг,,,,,,,5718336181,25005056320260917,3134945528479
Саныч,46282,Штраф за нарушение срока передачи товара,известь 10 кг,566189860,"41,13",57812131337,известь 10 кг,,,,,,,5724905163,25005056320260917,3134945528478
Саныч,46282,Штраф за нарушение срока передачи товара,известь 10 кг,566189860,"100,14",57780174829,известь 10 кг,,,,,,,5719334800,25005056320260917,3134945528477
Саныч,46282,Штраф за нарушение срока передачи товара,бидон 10л 2шт,1249688169,"119,82",57780240380,бидон 10л 2шт,,,,,,,5719440778,25005056320260917,3134945528476
Саныч,46282,Штраф за нарушение срока передачи товара,бидон 10л 2шт,1249688169,"105,91",57790351522,бидон 10л 2шт,,,,,,,5720833267,25005056320260917,3134945528475
Саныч,46282,Штраф за нарушение срока передачи товара,известь 10 кг,566189860,"64,36",57807569162,известь 10 кг,,,,,,,5723523959,25005056320260917,3134945528474
Саныч,46282,Штраф за нарушение срока передачи товара,бидон 10л 2шт,1249688169,"100,82",54639786494,бидон 10л 2шт,,,,,,,5721335430,25005056320260917,3134945528473
Саныч,46282,Штраф за нарушение срока передачи товара,известь 10 кг,566189860,"61,66",54641187011,известь 10 кг,,,,,,,5723808028,25005056320260917,3134945528472
Саныч,46282,Штраф за нарушение срока передачи товара,кашпо к 5л 3шт,1242230431,"71,40",57800134520,кашпо к 5л 3шт,,,,,,,5721581657,25005056320260917,3134945528471
Саныч,46282,Штраф за нарушение срока передачи товара,ведро 12л 10шт,1124967281,"4,40",57817027638,ведро 12л 10шт,,,,,,,5727535704,25005056320260917,3134945528470
Саныч,46282,Штраф за нарушение срока передачи товара,известь 10 кг,566189860,"57,91",54641359626,известь 10 кг,,,,,,,5724265105,25005056320260917,3134945528469
Саныч,46282,Штраф за нарушение срока передачи товара,известь 10 кг,566189860,"99,99",57780174823,известь 10 кг,,,,,,,5719334801,25005056320260917,3134945528468
Саныч,46282,Штраф за нарушение срока передачи товара,известь 10 кг,566189860,"100,06",57780174827,известь 10 кг,,,,,,,5719334802,25005056320260917,3134945528467
Саныч,46282,Штраф за нарушение срока передачи товара,известь 10 кг,566189860,"83,03",57800001340,известь 10 кг,,,,,,,5721380936,25005056320260917,3134945528466
Саныч,46282,Штраф за нарушение срока передачи товара,бидон 10л 2шт,1249688169,"87,01",54640224607,бидон 10л 2шт,,,,,,,5722622516,25005056320260917,3134945528465
Саныч,46282,Штраф за нарушение срока передачи товара,известь 10 кг,566189860,"91,81",57778809167,известь 10 кг,,,,,,,5720379803,25005056320260917,3134945528464
Саныч,46282,Штраф за нарушение срока передачи товара,"лопатасовк с черенком (перч,саморез2)",1299201993,"12,47",57803287017,"лопатасовк с черенком (перч,саморез2)",,,,,,,5722947331,25005056320260917,3134945528462
Саныч,46282,Штраф за нарушение срока передачи товара,грабли 1шт 15зуб мет(перч),1266418446,"14,41",57802251499,грабли 1шт 15зуб мет(перч),,,,,,,5722138826,25005056320260917,3134945528461
Саныч,46282,Штраф за нарушение срока передачи товара,метла гар 1шт,1260779020,"1,78",54641341890,метла гар 1шт,,,,,,,5724217280,25005056320260917,3134945528460
Саныч,46282,Штраф за нарушение срока передачи товара,метла гар 1шт,1260779020,"33,84",57779944008,метла гар 1шт,,,,,,,5718950038,25005056320260917,3134945528459
Саныч,46282,Штраф за нарушение срока передачи товара,метла гар 1шт,1260779020,"2,01",57811685491,метла гар 1шт,,,,,,,5724178525,25005056320260917,3134945528458
Саныч,46282,Штраф за нарушение срока передачи товара,метла гар 1шт,1260779020,"155,58",57742652451,метла гар 1шт,,,,,,,5706991976,25005056320260917,3134945528457
Саныч,46282,Штраф за нарушение срока передачи товара,метла гар 1шт,1260779020,"33,84",57778223842,метла гар 1шт,,,,,,,5718926039,25005056320260917,3134945528456
Саныч,46282,Штраф за нарушение срока передачи товара,грабли 1шт 22зуб мет (с черенком),1275035965,"37,66",57778201084,грабли 1шт 22зуб мет (с черенком),,,,,,,5718874409,25005056320260917,3134945528455
Саныч,46282,Штраф за нарушение срока передачи товара,грабли 1шт 22зуб мет (с черенком),1275035965,"264,97",57684303988,грабли 1шт 22зуб мет (с черенком),,,,,,,5698420022,25005056320260917,3134945528454
Саныч,46282,Штраф за нарушение срока передачи товара,метла гар 1шт,1260779020,"147,48",57744588985,метла гар 1шт,,,,,,,5708042132,25005056320260917,3134945528453
Саныч,46282,Штраф за нарушение срока передачи товара,грабли 1шт 22зуб мет (с черенком),1275035965,"34,58",57779987475,грабли 1шт 22зуб мет (с черенком),,,,,,,5719026057,25005056320260917,3134945528452
Саныч,46282,Штраф за нарушение срока передачи товара,грабли 1шт 22зуб мет (с черенком),1275035965,"12,91",57801626395,грабли 1шт 22зуб мет (с черенком),,,,,,,5722022849,25005056320260917,3134945528451
Саныч,46282,Штраф за нарушение срока передачи товара,грабли 1шт 22зуб мет (с черенком),1275035965,"38,59",57779292042,грабли 1шт 22зуб мет (с черенком),,,,,,,5718697050,25005056320260917,3134945528450
Саныч,46282,Штраф за нарушение срока передачи товара,метла гар 1шт,1260779020,"161,10",57743425444,метла гар 1шт,,,,,,,5706508692,25005056320260917,3134945528449
Саныч,46282,Штраф за нарушение срока передачи товара,грабли 1шт 22зуб мет (с черенком),1275035965,"9,97",57803070233,грабли 1шт 22зуб мет (с черенком),,,,,,,5722624578,25005056320260917,3134945528448
Саныч,46282,Штраф за нарушение срока передачи товара,грабли 1шт 22зуб мет (с черенком),1275035965,"265,35",57684303985,грабли 1шт 22зуб мет (с черенком),,,,,,,5698420023,25005056320260917,3134945528447
Саныч,46282,Штраф за нарушение срока передачи товара,метла гар 1шт,1260779020,"150,07",57744006629,метла гар 1шт,,,,,,,5707387758,25005056320260917,3134945528446
Саныч,46282,Штраф за нарушение срока передачи товара,"лопаташтык с черенком (перч,саморез2)",1299169518,"11,67",54640202930,"лопаташтык с черенком (перч,саморез2)",,,,,,,5722556557,25005056320260917,3134945528445
Саныч,46282,Штраф за нарушение срока передачи товара,"лопаташтык с черенком (перч,саморез2)",1299169518,"13,81",57802289261,"лопаташтык с черенком (перч,саморез2)",,,,,,,5722198885,25005056320260917,3134945528444
Саныч,46282,Штраф за нарушение срока передачи товара,грабли 1шт 22зуб мет (с черенком),1275035965,"15,79",57801521341,грабли 1шт 22зуб мет (с черенком),,,,,,,5721862791,25005056320260917,3134945528443
Саныч,46282,Штраф за нарушение срока передачи товара,метла гар 1шт,1260779020,"159,98",57743448589,метла гар 1шт,,,,,,,5706531730,25005056320260917,3134945528442
Саныч,46282,Штраф за нарушение срока передачи товара,"лопаташтык с черенком (перч,саморез2)",1299169518,"11,40",57802520919,"лопаташтык с черенком (перч,саморез2)",,,,,,,5722551650,25005056320260917,3134945528441
Саныч,46282,Штраф за нарушение срока передачи товара,грабли 1шт 22зуб мет (с черенком),1275035965,"10,22",54640230531,грабли 1шт 22зуб мет (с черенком),,,,,,,5722641605,25005056320260917,3134945528440
Саныч,46282,Штраф за нарушение срока передачи товара,грабли 1шт 15зуб мет(перч),1266418446,"56,97",57777878093,грабли 1шт 15зуб мет(перч),,,,,,,5718000552,25005056320260917,3134945528439
Саныч,46282,Штраф за нарушение срока передачи товара,метла гар 1шт,1260779020,"201,81",57733899106,метла гар 1шт,,,,,,,5703116321,25005056320260917,3134945528438
Саныч,46282,Штраф за нарушение срока передачи товара,"лопаташтык с черенком (перч,саморез2)",1299169518,"39,15",57778190712,"лопаташтык с черенком (перч,саморез2)",,,,,,,5718850159,25005056320260917,3134945528437
Саныч,46282,Штраф за нарушение срока передачи товара,метла гар 1шт,1260779020,"25,59",57778812618,метла гар 1шт,,,,,,,5720338770,25005056320260917,3134945528436
Саныч,46282,Штраф за нарушение срока передачи товара,метла гар 1шт,1260779020,"202,71",57733899101,метла гар 1шт,,,,,,,5703116320,25005056320260917,3134945528435
Саныч,46282,Штраф за нарушение срока передачи товара,грабли 1шт 22зуб мет (с черенком),1275035965,"243,86",57703852506,грабли 1шт 22зуб мет (с черенком),,,,,,,5700720112,25005056320260917,3134945528434
Саныч,46282,Штраф за нарушение срока передачи товара,метла гар 1шт,1260779020,"202,78",57733899085,метла гар 1шт,,,,,,,5703116319,25005056320260917,3134945528433
Саныч,46282,Штраф за нарушение срока передачи товара,грабли 1шт 22зуб мет (с черенком),1275035965,"25,98",54639513973,грабли 1шт 22зуб мет (с черенком),,,,,,,5720591373,25005056320260917,3134945528432
Саныч,46282,Штраф за нарушение срока передачи товара,метла гар 1шт,1260779020,"147,41",57744355450,метла гар 1шт,,,,,,,5707732501,25005056320260917,3134945528431
Саныч,46282,Штраф за нарушение срока передачи товара,грабли 1шт 22зуб мет (с черенком),1275035965,"200,43",57740694830,грабли 1шт 22зуб мет (с черенком),,,,,,,5705283560,25005056320260917,3134945528430
Саныч,46282,Штраф за нарушение срока передачи товара,грабли 1шт 22зуб мет (с черенком),1275035965,"162,78",57743916155,грабли 1шт 22зуб мет (с черенком),,,,,,,5707297387,25005056320260917,3134945528429
Саныч,46282,Штраф за нарушение срока передачи товара,метла гар 1шт,1260779020,"35,64",57778104934,метла гар 1шт,,,,,,,5718620384,25005056320260917,3134945528428
Саныч,46282,Штраф за нарушение срока передачи товара,грабли 1шт 22зуб мет (с черенком),1275035965,"16,79",57801390587,грабли 1шт 22зуб мет (с черенком),,,,,,,5721668938,25005056320260917,3134945528427
Саныч,46282,Штраф за нарушение срока передачи товара,"лопаташтык с черенком (перч,саморез2)",1299169518,"33,59",57780433594,"лопаташтык с черенком (перч,саморез2)",,,,,,,5719766377,25005056320260917,3134945528426
Саныч,46282,Штраф за нарушение срока передачи товара,метла гар 1шт,1260779020,"12,39",57802322107,метла гар 1шт,,,,,,,5722251512,25005056320260917,3134945528425
Саныч,46282,Штраф за нарушение срока передачи товара,метла гар 1шт,1260779020,"12,62",57801655911,метла гар 1шт,,,,,,,5722066859,25005056320260917,3134945528424
Саныч,46282,Штраф за нарушение срока передачи товара,метла гар 1шт,1260779020,"230,43",57687966925,метла гар 1шт,,,,,,,5699899549,25005056320260917,3134945528423
Саныч,46282,Штраф за нарушение срока передачи товара,метла гар 1шт,1260779020,"32,32",57778362618,метла гар 1шт,,,,,,,5719176908,25005056320260917,3134945528422
Саныч,46282,Штраф за нарушение срока передачи товара,вилы копальные с черенком,1263874797,"18,34",57803198905,вилы копальные с черенком,,,,,,,5722816262,25005056320260917,3134945528421
Саныч,46282,Штраф за нарушение срока передачи товара,грабли 1шт 22зуб мет (с черенком),1275035965,"3,89",54640539795,грабли 1шт 22зуб мет (с черенком),,,,,,,5723559897,25005056320260917,3134945528420
Саныч,46282,Штраф за нарушение срока передачи товара,грабли 1шт 22зуб мет (с черенком),1275035965,"173,17",57743368529,грабли 1шт 22зуб мет (с черенком),,,,,,,5706451783,25005056320260917,3134945528419
Саныч,46282,Штраф за нарушение срока передачи товара,"лопаташтык с черенком (перч,саморез2)",1299169518,"13,87",54640077733,"лопаташтык с черенком (перч,саморез2)",,,,,,,5722187466,25005056320260917,3134945528418
Саныч,46282,Штраф за нарушение срока передачи товара,метла гар 1шт,1260779020,"13,60",54639973956,метла гар 1шт,,,,,,,5721892864,25005056320260917,3134945528417
Саныч,46282,Штраф за нарушение срока передачи товара,грабли 1шт 22зуб мет (с черенком),1275035965,"25,75",57778825123,грабли 1шт 22зуб мет (с черенком),,,,,,,5720422298,25005056320260917,3134945528416
Саныч,46282,Штраф за нарушение срока передачи товара,метла гар 1шт,1260779020,"222,19",57686076084,метла гар 1шт,,,,,,,5700906240,25005056320260917,3134945528415
Саныч,46282,Штраф за нарушение срока передачи товара,грабли 1шт 22зуб мет (с черенком),1275035965,"31,62",57778532643,грабли 1шт 22зуб мет (с черенком),,,,,,,5719716747,25005056320260917,3134945528414
Саныч,46282,Штраф за нарушение срока передачи товара,кашпо б 5л 4шт,1244428805,"38,11",57780628289,кашпо б 5л 4шт,,,,,,,5720080566,25005056320260917,3134945528413
Саныч,46282,Штраф за нарушение срока передачи товара,грабли 1шт 22зуб мет (с черенком),1275035965,"15,30",57800153837,грабли 1шт 22зуб мет (с черенком),,,,,,,5721612150,25005056320260917,3134945528412
Саныч,46282,Штраф за нарушение срока передачи товара,грабли 1шт 22зуб мет (с черенком),1275035965,"9,32",57803076005,грабли 1шт 22зуб мет (с черенком),,,,,,,5722633287,25005056320260917,3134945528411
Саныч,46282,Штраф за нарушение срока передачи товара,грабли 1шт 22зуб мет (с черенком),1275035965,"9,97",57803221915,грабли 1шт 22зуб мет (с черенком),,,,,,,5722851162,25005056320260917,3134945528410
Саныч,46282,Штраф за нарушение срока передачи товара,"лопаташтык с черенком (перч,саморез2)",1299169518,"5,47",57807564546,"лопаташтык с черенком (перч,саморез2)",,,,,,,5723517388,25005056320260917,3134945528409
Саныч,46282,Штраф за нарушение срока передачи товара,метла гар 1шт,1260779020,"37,37",57777968002,метла гар 1шт,,,,,,,5718246887,25005056320260917,3134945528408
Саныч,46282,Штраф за нарушение срока передачи товара,метла гар 1шт,1260779020,"27,60",57780669806,метла гар 1шт,,,,,,,5720148561,25005056320260917,3134945528407
Саныч,46282,Штраф за нарушение срока передачи товара,грабли 1шт 22зуб мет (с черенком),1275035965,"167,27",57744023538,грабли 1шт 22зуб мет (с черенком),,,,,,,5707404682,25005056320260917,3134945528406
Саныч,46282,Штраф за нарушение срока передачи товара,метла гар 1шт,1260779020,"32,27",57780104367,метла гар 1шт,,,,,,,5719221796,25005056320260917,3134945528405
Саныч,46282,Штраф за нарушение срока передачи товара,метла гар 1шт,1260779020,"195,03",53053940869,метла гар 1шт,,,,,,,5703998884,25005056320260917,3134945528404
Саныч,46282,Штраф за нарушение срока передачи товара,метла гар 1шт,1260779020,"204,32",57733162660,метла гар 1шт,,,,,,,5702841606,25005056320260917,3134945528403
Саныч,46282,Штраф за нарушение срока передачи товара,грабли 1шт 15зуб мет(перч),1266418446,"14,88",57801653006,грабли 1шт 15зуб мет(перч),,,,,,,5722062337,25005056320260917,3134945528402
Саныч,46282,Штраф за нарушение срока передачи товара,метла гар 1шт,1260779020,"144,55",57744828866,метла гар 1шт,,,,,,,5708448261,25005056320260917,3134945528401
AIR,46282,Штраф за нарушение срока передачи товара,3шт-вазон 12л белый,363602607,"166,80",54639919895,3шт-вазон 12л белый,,,,,,,5721721182,95361120260917,3134925724475
AIR,46282,Штраф за нарушение срока передачи товара,3шт-вазон 22л коричневый,771963170,"294,73",57779982085,3шт-вазон 22л коричневый,,,,,,,5719016525,95361120260917,3134925724474
AIR,46282,Штраф за нарушение срока передачи товара,3шт-вазон 12л белый,363602607,"128,75",57807736793,3шт-вазон 12л белый,,,,,,,5723778838,95361120260917,3134925724473
AIR,46282,Штраф за нарушение срока передачи товара,3шт-вазон 12л белый,363602607,"2,00",57814838488,3шт-вазон 12л белый,,,,,,,5727690359,95361120260917,3134925724472
AIR,46282,Штраф за нарушение срока передачи товара,3шт-вазон 12л белый,363602607,"79,56",54642287687,3шт-вазон 12л белый,,,,,,,5725285501,95361120260917,3134925724471
AIR,46282,Штраф за нарушение срока передачи товара,3шт-вазон 22л белый,771963173,"180,36",57811559003,3шт-вазон 22л белый,,,,,,,5723974383,95361120260917,3134925724470
AIR,46282,Штраф за нарушение срока передачи товара,кашпо кор 3л 3 шт,1274995517,"77,13",57790512802,кашпо кор 3л 3 шт,,,,,,,5721084571,95361120260917,3134925724469
AIR,46282,Штраф за нарушение срока передачи товара,3шт-вазон 12л белый,363602607,"138,77",57804568845,3шт-вазон 12л белый,,,,,,,5723220796,95361120260917,3134925724468
AIR,46282,Штраф за нарушение срока передачи товара,3шт-вазон 12л белый,363602607,"58,12",57790361192,3шт-вазон 12л белый,,,,,,,5720848658,95361120260917,3134925724466
AIR,46282,Штраф за нарушение срока передачи товара,3шт-вазон 12л белый,363602607,"27,89",57803067156,3шт-вазон 12л белый,,,,,,,5722619843,95361120260917,3134925724465
AIR,46282,Штраф за нарушение срока передачи товара,ветошь хпп 30м,237786198,"21,27",57780342245,ветошь хпп 30м,,,,,,,5719615053,95361120260917,3134925724464
AIR,46282,Штраф за нарушение срока передачи товара,ветошь хпп 30м,237786198,"478,38",57687440155,ветошь хпп 30м,,,,,,,5699170792,95361120260917,3134925724463
AIR,46282,Штраф за нарушение срока передачи товара,ветошь хпп 30м,237786198,"262,78",57741520019,ветошь хпп 30м,,,,,,,5708679195,95361120260917,3134925724462
AIR,46282,Штраф за нарушение срока передачи товара,ветошь хпп 30м,237786198,"47,21",57777797728,ветошь хпп 30м,,,,,,,5717916741,95361120260917,3134925724461
AIR,46282,Штраф за нарушение срока передачи товара,ветошь хпп 30м,237786198,"552,39",57683644422,ветошь хпп 30м,,,,,,,5696379151,95361120260917,3134925724460
AIR,46282,Штраф за нарушение срока передачи товара,ветошь хпп 30м,237786198,"643,24",57681191509,ветошь хпп 30м,,,,,,,5693951240,95361120260917,3134925724459
AIR,46282,Штраф за нарушение срока передачи товара,ветошь хпп 30м,237786198,"38,03",57777918149,ветошь хпп 30м,,,,,,,5718116184,95361120260917,3134925724458
AIR,46282,Штраф за нарушение срока передачи товара,ветошь хпп 30м,237786198,"201,49",57750712334,ветошь хпп 30м,,,,,,,5712409131,95361120260917,3134925724457
AIR,46282,Штраф за нарушение срока передачи товара,ветошь хпп 30м,237786198,"15,29",57780659026,ветошь хпп 30м,,,,,,,5720130872,95361120260917,3134925724456
AIR,46282,Штраф за нарушение срока передачи товара,ветошь хпп 30м,237786198,"10,46",57781568593,ветошь хпп 30м,,,,,,,5720538553,95361120260917,3134925724455
AIR,46282,Штраф за нарушение срока передачи товара,ветошь хпп 30м,237786198,"194,33",53858054155,ветошь хпп 30м,,,,,,,5712286368,95361120260917,3134925724454
AIR,46282,Штраф за нарушение срока передачи товара,ветошь хпп 30м,237786198,"280,70",57743851592,ветошь хпп 30м,,,,,,,5707276544,95361120260917,3134925724453
AIR,46282,Штраф за нарушение срока передачи товара,ветошь хпп 30м,237786198,"667,89",57637297030,ветошь хпп 30м,,,,,,,5692745629,95361120260917,3134925724452
AIR,46282,Штраф за нарушение срока передачи товара,ветошь хпп 30м,237786198,"229,48",57746249998,ветошь хпп 30м,,,,,,,5710738838,95361120260917,3134925724451
AIR,46282,Штраф за нарушение срока передачи товара,ветошь хпп 30м,237786198,"36,97",57777519444,ветошь хпп 30м,,,,,,,5717658916,95361120260917,3134925724450
AIR,46282,Штраф за нарушение срока передачи товара,ветошь хпп 30м,237786198,"178,84",57753972529,ветошь хпп 30м,,,,,,,5713635519,95361120260917,3134925724449
AIR,46282,Штраф за нарушение срока передачи товара,ветошь хпп 30м,237786198,"509,14",57686513292,ветошь хпп 30м,,,,,,,5697853334,95361120260917,3134925724448
AIR,46282,Штраф за нарушение срока передачи товара,ветошь хпп 30м,237786198,"407,01",57733779526,ветошь хпп 30м,,,,,,,5702936082,95361120260917,3134925724447
AIR,46282,Штраф за нарушение срока передачи товара,ветошь хпп 30м,237786198,"524,99",57685687514,ветошь хпп 30м,,,,,,,5696863155,95361120260917,3134925724446
AIR,46282,Штраф за нарушение срока передачи товара,ветошь хпп 30м,237786198,"55,87",57776908277,ветошь хпп 30м,,,,,,,5717027155,95361120260917,3134925724445
AIR,46282,Штраф за нарушение срока передачи товара,ветошь хпп 30м,237786198,"37,18",57777510202,ветошь хпп 30м,,,,,,,5717649528,95361120260917,3134925724444
AIR,46282,Штраф за нарушение срока передачи товара,ветошь хпп 30м,237786198,"353,65",57740857138,ветошь хпп 30м,,,,,,,5705498034,95361120260917,3134925724443
AIR,46282,Штраф за нарушение срока передачи товара,ветошь хпп 30м,237786198,"303,29",57743572199,ветошь хпп 30м,,,,,,,5706655150,95361120260917,3134925724442
Хозяюшка,46281,Штраф за нарушение срока передачи товара,ведро пласт с крышкой 5л 5 шт,1497431370,"48,32",57774174033,ведро пласт с крышкой 5л 5 шт,,,,,,,5715157615,25017326820260916,3134868739692
Хозяюшка,46281,Штраф за нарушение срока передачи товара,гипс 4 кг,1543004430,"2,59",57747701193,гипс 4 кг,,,,,,,5711440626,25017326820260916,3134868739691
Саныч,46281,Штраф за нарушение срока передачи товара,ведро 12л 10шт,1124967281,"1,37",57780046310,ведро 12л 10шт,,,,,,,5719125553,25005056320260916,3134859762851
Саныч,46281,Штраф за нарушение срока передачи товара,известь 20 кг,566189861,"4,55",57778982316,известь 20 кг,,,,,,,5718196553,25005056320260916,3134859762850
Саныч,46281,Штраф за нарушение срока передачи товара,кашпо б 5л 4шт,1244428805,"3,30",57776937682,кашпо б 5л 4шт,,,,,,,5717057785,25005056320260916,3134859762849
Саныч,46281,Штраф за нарушение срока передачи товара,метла гар 1шт,1260779020,"36,22",53975449079,метла гар 1шт,,,,,,,5713828751,25005056320260916,3134859762848
Саныч,46281,Штраф за нарушение срока передачи товара,кашпо б 5л 4шт,1244428805,"80,30",53566160354,кашпо б 5л 4шт,,,,,,,5711448968,25005056320260916,3134859762847
Саныч,46281,Штраф за нарушение срока передачи товара,грабли 1шт 22зуб мет (с черенком),1275035965,"181,30",57703309741,грабли 1шт 22зуб мет (с черенком),,,,,,,5700468123,25005056320260916,3134859762846
Саныч,46281,Штраф за нарушение срока передачи товара,грабли 1шт 22зуб мет (с черенком),1275035965,"126,24",57741042107,грабли 1шт 22зуб мет (с черенком),,,,,,,5705802128,25005056320260916,3134859762845
Саныч,46281,Штраф за нарушение срока передачи товара,грабли 1шт 22зуб мет (с черенком),1275035965,"101,44",57744050850,грабли 1шт 22зуб мет (с черенком),,,,,,,5707431919,25005056320260916,3134859762844
Саныч,46281,Штраф за нарушение срока передачи товара,грабли 1шт 22зуб мет (с черенком),1275035965,"93,52",57741457925,грабли 1шт 22зуб мет (с черенком),,,,,,,5708516426,25005056320260916,3134859762843
Саныч,46281,Штраф за нарушение срока передачи товара,метла гар 1шт,1260779020,"81,00",57745359382,метла гар 1шт,,,,,,,5709336639,25005056320260916,3134859762842
Саныч,46281,Штраф за нарушение срока передачи товара,метла гар 1шт,1260779020,"51,95",53974647758,метла гар 1шт,,,,,,,5713100946,25005056320260916,3134859762841
Саныч,46281,Штраф за нарушение срока передачи товара,метла гар 1шт,1260779020,"78,76",57745539789,метла гар 1шт,,,,,,,5709628351,25005056320260916,3134859762840
Саныч,46281,Штраф за нарушение срока передачи товара,грабли 1шт 22зуб мет (с черенком),1275035965,"202,88",57686724984,грабли 1шт 22зуб мет (с черенком),,,,,,,5698149027,25005056320260916,3134859762839
Саныч,46281,Штраф за нарушение срока передачи товара,кашпо б 5л 4шт,1244428805,"95,79",57741778818,кашпо б 5л 4шт,,,,,,,5709397389,25005056320260916,3134859762838
Саныч,46281,Штраф за нарушение срока передачи товара,ведро оцинкованное 12 л 5шт,1240752910,"203,17",57747055487,ведро оцинкованное 12 л 5шт,,,,,,,5711217745,25005056320260916,3134859762837
Саныч,46281,Штраф за нарушение срока передачи товара,ведро оцинкованное 12 л 5шт,1240752910,"1,50",57777199661,ведро оцинкованное 12 л 5шт,,,,,,,5717022330,25005056320260916,3134859762836
Саныч,46281,Штраф за нарушение срока передачи товара,ведро 12л 5шт,1124967280,"91,18",53566358449,ведро 12л 5шт,,,,,,,5711995176,25005056320260916,3134859762835
Саныч,46281,Штраф за нарушение срока передачи товара,ведро 12л 5шт,1124967280,"86,57",57750673899,ведро 12л 5шт,,,,,,,5712347229,25005056320260916,3134859762834
Саныч,46281,Штраф за нарушение срока передачи товара,кашпо б 5л 4шт,1244428805,"71,16",57748522003,кашпо б 5л 4шт,,,,,,,5711783643,25005056320260916,3134859762833
Саныч,46281,Штраф МП. Невыполненный заказ (отмена продавцом),лоток чер 12 бп н2,1223840878,"810,00",57391420499,лоток чер 12 бп н2,,,,,,,5630826550,25005056320260916,3134859762832
Саныч,46281,Штраф за нарушение срока передачи товара,известь 6 кг,566189859,"91,02",57684469233,известь 6 кг,,,,,,,5699019432,25005056320260916,3134859762830
Саныч,46281,Штраф за нарушение срока передачи товара,известь 10 кг,566189860,"7,52",57746825603,известь 10 кг,,,,,,,5710859195,25005056320260916,3134859762829
Саныч,46281,Штраф за нарушение срока передачи товара,известь 10 кг,566189860,"10,22",57745994917,известь 10 кг,,,,,,,5710344975,25005056320260916,3134859762828
Саныч,46281,Штраф за нарушение срока передачи товара,известь 6 кг,566189859,"67,97",57732859686,известь 6 кг,,,,,,,5702519453,25005056320260916,3134859762827
Саныч,46281,Штраф за нарушение срока передачи товара,известь 10 кг,566189860,"5,12",57747084256,известь 10 кг,,,,,,,5711261416,25005056320260916,3134859762826
Саныч,46281,Штраф за нарушение срока передачи товара,известь 10 кг,566189860,"13,02",57745690731,известь 10 кг,,,,,,,5709867440,25005056320260916,3134859762825
Саныч,46281,Штраф за нарушение срока передачи товара,ведро туалет 17л беж,1442769822,"10,40",53565925169,ведро туалет 17л беж,,,,,,,5710777747,25005056320260916,3134859762824
Саныч,46281,Штраф за нарушение срока передачи товара,известь 20 кг,566189861,"0,03",57748778888,известь 20 кг,,,,,,,5712197175,25005056320260916,3134859762823
Саныч,46281,Штраф за нарушение срока передачи товара,известь 6 кг,566189859,"15,10",57741537549,известь 6 кг,,,,,,,5708730008,25005056320260916,3134859762822
Саныч,46281,Штраф за нарушение срока передачи товара,ведро 12л 1шт,1120558429,"0,96",57748499370,ведро 12л 1шт,,,,,,,5711747643,25005056320260916,3134859762821
Саныч,46281,Штраф за нарушение срока передачи товара,известь 6 кг,566189859,"68,49",57732747192,известь 6 кг,,,,,,,5702406720,25005056320260916,3134859762820
Саныч,46281,Штраф за нарушение срока передачи товара,известь 6 кг,566189859,"9,57",57745588618,известь 6 кг,,,,,,,5709707734,25005056320260916,3134859762819
Саныч,46281,Штраф за нарушение срока передачи товара,известь 6 кг,566189859,"80,56",57703628314,известь 6 кг,,,,,,,5700614539,25005056320260916,3134859762818
Саныч,46281,Штраф за нарушение срока передачи товара,известь 6 кг,566189859,"64,26",52897367993,известь 6 кг,,,,,,,5703075595,25005056320260916,3134859762817
Саныч,46281,Штраф за нарушение срока передачи товара,мел 2кг,769654698,"3,71",53054379595,мел 2кг,,,,,,,5710195217,25005056320260916,3134859762816
Саныч,46281,Штраф за нарушение срока передачи товара,известь 6 кг,566189859,"19,32",57744347134,известь 6 кг,,,,,,,5707729053,25005056320260916,3134859762815
Саныч,46281,Штраф за нарушение срока передачи товара,известь 20 кг,566189861,"0,28",57748745512,известь 20 кг,,,,,,,5712142781,25005056320260916,3134859762814
Саныч,46281,Штраф за нарушение срока передачи товара,известь 20 кг,566189861,"18,82",53054387541,известь 20 кг,,,,,,,5710215894,25005056320260916,3134859762813
Саныч,46281,Штраф за нарушение срока передачи товара,известь 20 кг,566189861,"0,37",57748745520,известь 20 кг,,,,,,,5712142784,25005056320260916,3134859762812
Саныч,46281,Штраф за нарушение срока передачи товара,известь 20 кг,566189861,"0,37",57748745517,известь 20 кг,,,,,,,5712142783,25005056320260916,3134859762811
Саныч,46281,Штраф за нарушение срока передачи товара,известь 6 кг,566189859,"20,24",57744188382,известь 6 кг,,,,,,,5707558020,25005056320260916,3134859762810
AIR,46281,Штраф за нарушение срока передачи товара,вазон 2шт белый 17л,326578448,"3,01",57779034553,вазон 2шт белый 17л,,,,,,,5718283759,95361120260916,3134888947458
AIR,46281,Штраф за нарушение срока передачи товара,"вазон 4,5л черный",341468537,"2,63",57777801831,"вазон 4,5л черный",,,,,,,5717921359,95361120260916,3134888947457
AIR,46281,Штраф за нарушение срока передачи товара,"вазон 4,5л черный",341468537,"2,63",57777801826,"вазон 4,5л черный",,,,,,,5717921358,95361120260916,3134888947456
AIR,46281,Штраф за нарушение срока передачи товара,вазон 2шт белый 17л,326578448,"0,95",57779181298,вазон 2шт белый 17л,,,,,,,5718517117,95361120260916,3134888947455
AIR,46281,Штраф за нарушение срока передачи товара,вазон 2шт белый 17л,326578448,"0,55",57779214923,вазон 2шт белый 17л,,,,,,,5718571460,95361120260916,3134888947454
AIR,46281,Штраф за нарушение срока передачи товара,3шт-вазон 22л коричневый,771963170,"160,01",53974456575,3шт-вазон 22л коричневый,,,,,,,5712594247,95361120260916,3134888947453
AIR,46281,Штраф за нарушение срока передачи товара,вазон 2шт белый 17л,326578448,"103,01",57747733937,вазон 2шт белый 17л,,,,,,,5711490631,95361120260916,3134888947452
AIR,46281,Штраф за нарушение срока передачи товара,вазоны 2шт черные 6л,347376587,"0,30",57776934269,вазоны 2шт черные 6л,,,,,,,5717054335,95361120260916,3134888947451
AIR,46281,Штраф за нарушение срока передачи товара,3шт-вазон 12л белый,363602607,"78,44",57753895161,3шт-вазон 12л белый,,,,,,,5713504189,95361120260916,3134888947450
AIR,46281,Штраф за нарушение срока передачи товара,3шт-вазон 22л коричневый,771963170,"108,28",57753892625,3шт-вазон 22л коричневый,,,,,,,5713499732,95361120260916,3134888947449
AIR,46281,Штраф за нарушение срока передачи товара,вазоны 2шт черные 6л,347376587,"91,17",53566392894,вазоны 2шт черные 6л,,,,,,,5712091193,95361120260916,3134888947448
AIR,46281,Штраф за нарушение срока передачи товара,ваза 1л черный,341247122,"40,58",57741837527,ваза 1л черный,,,,,,,5709563801,95361120260916,3134888947447
AIR,46281,Штраф за нарушение срока передачи товара,3шт-вазон 12л белый,363602607,"66,74",54639135048,3шт-вазон 12л белый,,,,,,,5714429375,95361120260916,3134888947446
AIR,46281,Штраф за нарушение срока передачи товара,ваза 1л черный,341247122,"40,80",57741837518,ваза 1л черный,,,,,,,5709563802,95361120260916,3134888947445
AIR,46281,Штраф за нарушение срока передачи товара,3шт-вазон 12л белый,363602607,"131,85",57747867224,3шт-вазон 12л белый,,,,,,,5711696014,95361120260916,3134888947444
AIR,46281,Штраф за нарушение срока передачи товара,3шт-вазон 12л белый,363602607,"130,60",53566282358,3шт-вазон 12л белый,,,,,,,5711794406,95361120260916,3134888947443
AIR,46281,Штраф за нарушение срока передачи товара,3шт-вазон 12л белый,363602607,"73,44",54638906229,3шт-вазон 12л белый,,,,,,,5713898637,95361120260916,3134888947442
AIR,46281,Штраф за нарушение срока передачи товара,3шт-вазон 22л коричневый,771963170,"97,50",54638979631,3шт-вазон 22л коричневый,,,,,,,5714074034,95361120260916,3134888947441
AIR,46281,Штраф за нарушение срока передачи товара,вазоны 2шт черные 6л,347376587,"84,37",57750852799,вазоны 2шт черные 6л,,,,,,,5712629049,95361120260916,3134888947440
AIR,46281,Штраф МП. Невыполненный заказ (отмена продавцом),3шт-вазон 5л коричневый,418211190,"414,65",57390804467,3шт-вазон 5л коричневый,,,,,,,5630052128,95361120260916,3134888947438
AIR,46281,Штраф за нарушение срока передачи товара,вазон 2шт белый 17л,326578448,"9,70",57746938984,вазон 2шт белый 17л,,,,,,,5711033636,95361120260916,3134888947437
Хозяюшка,46280,Штраф за нарушение срока передачи товара,ведро пласт с крышкой 3л 10шт,1497432058,"158,44",57685247298,ведро пласт с крышкой 3л 10шт,,,,,,,5696871400,25017326820260915,3134808626486
Хозяюшка,46280,Штраф за нарушение срока передачи товара,цемент - 25 кг,1515370149,"22,05",57733029738,цемент - 25 кг,,,,,,,5702702992,25017326820260915,3134808626485
Хозяюшка,46280,Штраф за нарушение срока передачи товара,цемент - 25 кг,1515370149,"22,05",57733029769,цемент - 25 кг,,,,,,,5702702885,25017326820260915,3134808626484
Хозяюшка,46280,Штраф за нарушение срока передачи товара,цемент - 25 кг,1515370149,"19,84",57733029707,цемент - 25 кг,,,,,,,5702702847,25017326820260915,3134808626483
Хозяюшка,46280,Штраф за нарушение срока передачи товара,цемент - 25 кг,1515370149,"21,68",57733070604,цемент - 25 кг,,,,,,,5702703013,25017326820260915,3134808626482
Хозяюшка,46280,Штраф за нарушение срока передачи товара,цемент - 25 кг,1515370149,"19,93",57733029699,цемент - 25 кг,,,,,,,5702702942,25017326820260915,3134808626481
Хозяюшка,46280,Штраф за нарушение срока передачи товара,ведро пласт с крышкой 3л 5шт,1497431960,"36,07",57703368650,ведро пласт с крышкой 3л 5шт,,,,,,,5700494952,25017326820260915,3134808626480
Хозяюшка,46280,Штраф за нарушение срока передачи товара,цемент - 25 кг,1515370149,"21,96",57733070598,цемент - 25 кг,,,,,,,5702702852,25017326820260915,3134808626479
Хозяюшка,46280,Штраф за нарушение срока передачи товара,цемент - 25 кг,1515370149,"21,77",57733070596,цемент - 25 кг,,,,,,,5702702843,25017326820260915,3134808626478
Хозяюшка,46280,Штраф за нарушение срока передачи товара,цемент - 25 кг,1515370149,"20,02",57733029700,цемент - 25 кг,,,,,,,5702702958,25017326820260915,3134808626477
Хозяюшка,46280,Штраф за нарушение срока передачи товара,цемент - 25 кг,1515370149,"19,66",57733029672,цемент - 25 кг,,,,,,,5702702931,25017326820260915,3134808626476
Хозяюшка,46280,Штраф за нарушение срока передачи товара,цемент - 25 кг,1515370149,"19,93",57733029713,цемент - 25 кг,,,,,,,5702702922,25017326820260915,3134808626475
Хозяюшка,46280,Штраф за нарушение срока передачи товара,цемент - 25 кг,1515370149,"19,75",57733029690,цемент - 25 кг,,,,,,,5702702932,25017326820260915,3134808626474
Хозяюшка,46280,Штраф за нарушение срока передачи товара,цемент - 25 кг,1515370149,"21,41",57733029587,цемент - 25 кг,,,,,,,5702702840,25017326820260915,3134808626473
Хозяюшка,46280,Штраф за нарушение срока передачи товара,цемент - 25 кг,1515370149,"22,14",57733070600,цемент - 25 кг,,,,,,,5702702850,25017326820260915,3134808626472
Хозяюшка,46280,Штраф за нарушение срока передачи товара,цемент - 25 кг,1515370149,"22,14",57733029638,цемент - 25 кг,,,,,,,5702702846,25017326820260915,3134808626471
Хозяюшка,46280,Штраф за нарушение срока передачи товара,цемент - 25 кг,1515370149,"19,66",57733029669,цемент - 25 кг,,,,,,,5702702929,25017326820260915,3134808626470
Хозяюшка,46280,Штраф за нарушение срока передачи товара,цемент - 25 кг,1515370149,"21,77",57733029578,цемент - 25 кг,,,,,,,5702702839,25017326820260915,3134808626469
Хозяюшка,46280,Штраф за нарушение срока передачи товара,цемент - 25 кг,1515370149,"19,75",57733029666,цемент - 25 кг,,,,,,,5702702884,25017326820260915,3134808626468
Хозяюшка,46280,Штраф за нарушение срока передачи товара,цемент - 25 кг,1515370149,"22,33",57733029774,цемент - 25 кг,,,,,,,5702702998,25017326820260915,3134808626467
Хозяюшка,46280,Штраф за нарушение срока передачи товара,ведро пласт с крышкой 5л 5 шт,1497431370,"18,72",57732903032,ведро пласт с крышкой 5л 5 шт,,,,,,,5702562342,25017326820260915,3134808626466
Хозяюшка,46280,Штраф за нарушение срока передачи товара,цемент - 25 кг,1515370149,"22,05",57733029630,цемент - 25 кг,,,,,,,5702702857,25017326820260915,3134808626465
Хозяюшка,46280,Штраф за нарушение срока передачи товара,цемент - 25 кг,1515370149,"20,02",57733029728,цемент - 25 кг,,,,,,,5702702967,25017326820260915,3134808626464
Хозяюшка,46280,Штраф за нарушение срока передачи товара,ведро пласт с крышкой 5л 1 шт,1497431368,"10,39",57731351596,ведро пласт с крышкой 5л 1 шт,,,,,,,5702111100,25017326820260915,3134808626463
Хозяюшка,46280,Штраф за нарушение срока передачи товара,цемент - 25 кг,1515370149,"21,59",57733070620,цемент - 25 кг,,,,,,,5702702985,25017326820260915,3134808626462
Хозяюшка,46280,Штраф за нарушение срока передачи товара,цемент - 25 кг,1515370149,"19,66",57733029660,цемент - 25 кг,,,,,,,5702702853,25017326820260915,3134808626461
Хозяюшка,46280,Штраф за нарушение срока передачи товара,цемент - 25 кг,1515370149,"22,79",57733029733,цемент - 25 кг,,,,,,,5702702966,25017326820260915,3134808626460
Хозяюшка,46280,Штраф за нарушение срока передачи товара,цемент - 25 кг,1515370149,"21,87",57733029595,цемент - 25 кг,,,,,,,5702702858,25017326820260915,3134808626459
Хозяюшка,46280,Штраф за нарушение срока передачи товара,ведро пласт с крышкой 5л 3 шт,1497431369,"41,25",57684701969,ведро пласт с крышкой 5л 3 шт,,,,,,,5699939310,25017326820260915,3134808626458
Хозяюшка,46280,Штраф за нарушение срока передачи товара,ведро пласт с крышкой 3л 5шт,1497431960,"41,15",57684709963,ведро пласт с крышкой 3л 5шт,,,,,,,5699972786,25017326820260915,3134808626457
Хозяюшка,46280,Штраф за нарушение срока передачи товара,ведро пласт с крышкой 3л 5шт,1497431960,"71,58",57686863271,ведро пласт с крышкой 3л 5шт,,,,,,,5698352236,25017326820260915,3134808626456
Хозяюшка,46280,Штраф за нарушение срока передачи товара,ведро пласт с крышкой 5л 5 шт,1497431370,"61,25",57687722682,ведро пласт с крышкой 5л 5 шт,,,,,,,5699562372,25017326820260915,3134808626455
Хозяюшка,46280,Штраф за нарушение срока передачи товара,ведро пласт с крышкой 5л 3 шт,1497431369,"2,26",53053974653,ведро пласт с крышкой 5л 3 шт,,,,,,,5704056979,25017326820260915,3134808626454
Хозяюшка,46280,Штраф за нарушение срока передачи товара,ведро пласт с крышкой 5л 1 шт,1497431368,"28,34",57684456505,ведро пласт с крышкой 5л 1 шт,,,,,,,5698968551,25017326820260915,3134808626453
Хозяюшка,46280,Штраф за нарушение срока передачи товара,ведро пласт с крышкой 3 л 3 шт,1523199952,"4,62",53053893527,ведро пласт с крышкой 3 л 3 шт,,,,,,,5703538728,25017326820260915,3134808626452
Хозяюшка,46280,Штраф за нарушение срока передачи товара,ведро пласт с крышкой 10 л 3 шт,1523255615,"26,04",57731242096,ведро пласт с крышкой 10 л 3 шт,,,,,,,5702000845,25017326820260915,3134808626451
Хозяюшка,46280,Штраф за нарушение срока передачи товара,ведро пласт с крышкой 5л 3 шт,1497431369,"42,89",57687870191,ведро пласт с крышкой 5л 3 шт,,,,,,,5699766569,25017326820260915,3134808626450
Хозяюшка,46280,Штраф за нарушение срока передачи товара,ведро пласт с крышкой 3л 1 шт,1497431792,"0,73",57740355669,ведро пласт с крышкой 3л 1 шт,,,,,,,5704934307,25017326820260915,3134808626449
Хозяюшка,46280,Штраф за нарушение срока передачи товара,ведро пласт с крышкой 3 л 3 шт,1523199952,"31,35",57684575501,ведро пласт с крышкой 3 л 3 шт,,,,,,,5699434777,25017326820260915,3134808626448
Хозяюшка,46280,Штраф за нарушение срока передачи товара,ведро пласт с крышкой 5л 1 шт,1497431368,"11,01",57723189603,ведро пласт с крышкой 5л 1 шт,,,,,,,5701725589,25017326820260915,3134808626447
Хозяюшка,46280,Штраф за нарушение срока передачи товара,ведро пласт с крышкой 5л 1 шт,1497431368,"24,08",57687688192,ведро пласт с крышкой 5л 1 шт,,,,,,,5699516198,25017326820260915,3134808626446
Хозяюшка,46280,Штраф за нарушение срока передачи товара,ведро пласт с крышкой 10 л 5 шт,1523255616,"23,45",52897365960,ведро пласт с крышкой 10 л 5 шт,,,,,,,5703069419,25017326820260915,3134808626445
Хозяюшка,46280,Штраф за нарушение срока передачи товара,ведро пласт с крышкой 10л 1 шт,1497431550,"6,60",53020310005,ведро пласт с крышкой 10л 1 шт,,,,,,,5703155193,25017326820260915,3134808626444
Хозяюшка,46280,Штраф за нарушение срока передачи товара,ведро пласт с крышкой 5л 5 шт,1497431370,"28,90",57710563107,ведро пласт с крышкой 5л 5 шт,,,,,,,5701638244,25017326820260915,3134808626443
Хозяюшка,46280,Штраф за нарушение срока передачи товара,ведро пласт с крышкой 10 л 10 шт,1523255617,"120,71",57710471632,ведро пласт с крышкой 10 л 10 шт,,,,,,,5701540407,25017326820260915,3134808626442
Хозяюшка,46280,Штраф за нарушение срока передачи товара,ведро пласт с крышкой 5л 3 шт,1497431369,"180,13",57636039763,ведро пласт с крышкой 5л 3 шт,,,,,,,5692199610,25017326820260915,3134808626441
Хозяюшка,46280,Штраф за нарушение срока передачи товара,ведро пласт с крышкой 5л 3 шт,1497431369,"8,77",53020335756,ведро пласт с крышкой 5л 3 шт,,,,,,,5703230753,25017326820260915,3134808626440
Хозяюшка,46280,Штраф за нарушение срока передачи товара,ведро пласт с крышкой 3 л 3 шт,1523199952,"24,96",57703692333,ведро пласт с крышкой 3 л 3 шт,,,,,,,5700644662,25017326820260915,3134808626439
Хозяюшка,46280,Штраф за нарушение срока передачи товара,цемент - 15 кг,1515370148,"33,33",57687359749,цемент - 15 кг,,,,,,,5699061454,25017326820260915,3134808626438
Хозяюшка,46280,Штраф за нарушение срока передачи товара,цемент - 5 кг,1508796598,"11,17",57687822858,цемент - 5 кг,,,,,,,5699699428,25017326820260915,3134808626437
Саныч,46280,Штраф МП. Невыполненный заказ (отмена продавцом),лоток чер 30 бп н2,1223840871,"1601,40",57380940440,лоток чер 30 бп н2,,,,,,,5622256660,25005056320260915,3134805077543
Саныч,46280,Штраф за нарушение срока передачи товара,известь 6кг + ведро оцинк 12л,1515740423,"158,54",57633980345,известь 6кг + ведро оцинк 12л,,,,,,,5688770791,25005056320260915,3134805077542
Саныч,46280,Штраф за нарушение срока передачи товара,известь 6 кг,566189859,"5,51",53053810003,известь 6 кг,,,,,,,5703313712,25005056320260915,3134805077541
Саныч,46280,Штраф за нарушение срока передачи товара,известь 6кг + ведро оцинк 12л,1515740423,"127,12",57677931939,известь 6кг + ведро оцинк 12л,,,,,,,5692631829,25005056320260915,3134805077540
Саныч,46280,Штраф за нарушение срока передачи товара,известь 6 кг,566189859,"10,61",57731292378,известь 6 кг,,,,,,,5702051372,25005056320260915,3134805077539
Саныч,46280,Штраф за нарушение срока передачи товара,известь 10 кг,566189860,"24,46",57710391724,известь 10 кг,,,,,,,5701455266,25005056320260915,3134805077538
Саныч,46280,Штраф за нарушение срока передачи товара,известь 10 кг,566189860,"60,47",57684228011,известь 10 кг,,,,,,,5698159649,25005056320260915,3134805077537
Саныч,46280,Штраф за нарушение срока передачи товара,известь 10 кг,566189860,"14,26",57732609829,известь 10 кг,,,,,,,5702269248,25005056320260915,3134805077536
Саныч,46280,Штраф за нарушение срока передачи товара,известь 10 кг,566189860,"5,71",57737766801,известь 10 кг,,,,,,,5703697056,25005056320260915,3134805077535
Саныч,46280,Штраф за нарушение срока передачи товара,метла гар 1шт,1260779020,"8,72",57733899107,метла гар 1шт,,,,,,,5703116322,25005056320260915,3134805077534
Саныч,46280,Штраф за нарушение срока передачи товара,известь 10 кг,566189860,"57,55",57684393055,известь 10 кг,,,,,,,5698745397,25005056320260915,3134805077533
Саныч,46280,Штраф за нарушение срока передачи товара,известь 10 кг,566189860,"3,26",53053997902,известь 10 кг,,,,,,,5704093383,25005056320260915,3134805077532
Саныч,46280,Штраф за нарушение срока передачи товара,известь 10 кг,566189860,"11,01",57733854081,известь 10 кг,,,,,,,5703047301,25005056320260915,3134805077531
Саныч,46280,Штраф за нарушение срока передачи товара,бидон 10л 1шт,1249688168,"38,89",57684477203,бидон 10л 1шт,,,,,,,5699051119,25005056320260915,3134805077530
Саныч,46280,Штраф за нарушение срока передачи товара,метла гар 1шт,1260779020,"9,37",57733899109,метла гар 1шт,,,,,,,5703116324,25005056320260915,3134805077529
Саныч,46280,Штраф за нарушение срока передачи товара,известь 6кг + ведро оцинк 12л,1515740423,"132,85",57663348016,известь 6кг + ведро оцинк 12л,,,,,,,5691967264,25005056320260915,3134805077528
Саныч,46280,Штраф за нарушение срока передачи товара,известь 10кг + ведро оцинк 12л,1515740424,"153,49",57681067979,известь 10кг + ведро оцинк 12л,,,,,,,5693783129,25005056320260915,3134805077527
Саныч,46280,Штраф за нарушение срока передачи товара,известь 6кг + ведро оцинк 12л,1515740423,"106,15",52896540539,известь 6кг + ведро оцинк 12л,,,,,,,5695101594,25005056320260915,3134805077526
Саныч,46280,Штраф за нарушение срока передачи товара,известь 6кг + ведро оцинк 12л,1515740423,"145,32",57637448779,известь 6кг + ведро оцинк 12л,,,,,,,5690443741,25005056320260915,3134805077525
Саныч,46280,Штраф за нарушение срока передачи товара,известь 10 кг,566189860,"10,11",57733980789,известь 10 кг,,,,,,,5703243781,25005056320260915,3134805077524
Саныч,46280,Штраф за нарушение срока передачи товара,известь 10 кг,566189860,"21,72",57723152137,известь 10 кг,,,,,,,5701841931,25005056320260915,3134805077523
Саныч,46280,Штраф за нарушение срока передачи товара,ведро 20л 1шт,1124967286,"8,42",57733189323,ведро 20л 1шт,,,,,,,5702880647,25005056320260915,3134805077522
Саныч,46280,Штраф за нарушение срока передачи товара,грабли 1шт 15зуб мет(перч),1266418446,"4,03",53054071612,грабли 1шт 15зуб мет(перч),,,,,,,5704207970,25005056320260915,3134805077521
Саныч,46280,Штраф за нарушение срока передачи товара,известь 6 кг,566189859,"6,89",57733763042,известь 6 кг,,,,,,,5702911534,25005056320260915,3134805077520
Саныч,46280,Штраф за нарушение срока передачи товара,известь 10 кг,566189860,"30,12",57703870074,известь 10 кг,,,,,,,5700728708,25005056320260915,3134805077519
Саныч,46280,Штраф за нарушение срока передачи товара,известь 10 кг,566189860,"36,77",57684680997,известь 10 кг,,,,,,,5699854836,25005056320260915,3134805077518
Саныч,46280,Штраф за нарушение срока передачи товара,"лопаташтык с черенком (перч,саморез2)",1299169518,"30,85",57703232169,"лопаташтык с черенком (перч,саморез2)",,,,,,,5700433973,25005056320260915,3134805077517
Саныч,46280,Штраф за нарушение срока передачи товара,бидон 5л 1шт,1246051832,"5,41",57737570865,бидон 5л 1шт,,,,,,,5703385033,25005056320260915,3134805077516
Саныч,46280,Штраф за нарушение срока передачи товара,известь 10кг + ведро оцинк 12л,1515740424,"98,44",57684918584,известь 10кг + ведро оцинк 12л,,,,,,,5696505838,25005056320260915,3134805077515
Саныч,46280,Штраф за нарушение срока передачи товара,известь 6 кг,566189859,"7,68",57733045349,известь 6 кг,,,,,,,5702747802,25005056320260915,3134805077514
Саныч,46280,Штраф за нарушение срока передачи товара,известь 10 кг,566189860,"13,91",57732933607,известь 10 кг,,,,,,,5702593561,25005056320260915,3134805077513
Саныч,46280,Штраф за нарушение срока передачи товара,известь 6кг + ведро оцинк 12л,1515740423,"122,46",57680624515,известь 6кг + ведро оцинк 12л,,,,,,,5693177790,25005056320260915,3134805077512
Саныч,46280,Штраф за нарушение срока передачи товара,бидон 5л 1шт,1246051832,"5,48",57737570854,бидон 5л 1шт,,,,,,,5703385030,25005056320260915,3134805077511
Саныч,46280,Штраф за нарушение срока передачи товара,мел 6кг,769654700,"35,88",57686864897,мел 6кг,,,,,,,5698354308,25005056320260915,3134805077510
Саныч,46280,Штраф за нарушение срока передачи товара,известь 10 кг,566189860,"27,03",57686233147,известь 10 кг,,,,,,,5701103547,25005056320260915,3134805077509
Саныч,46280,Штраф за нарушение срока передачи товара,известь 6 кг,566189859,"16,99",57686265129,известь 6 кг,,,,,,,5701138327,25005056320260915,3134805077508
Саныч,46280,Штраф за нарушение срока передачи товара,известь 10кг + ведро оцинк 12л,1515740424,"93,84",57685089897,известь 10кг + ведро оцинк 12л,,,,,,,5696676941,25005056320260915,3134805077507
Саныч,46280,Штраф за нарушение срока передачи товара,известь 6кг + ведро оцинк 12л,1515740423,"63,67",57685733023,известь 6кг + ведро оцинк 12л,,,,,,,5697320926,25005056320260915,3134805077506
Саныч,46280,Штраф за нарушение срока передачи товара,бидон 10л 1шт,1249688168,"43,18",57686889731,бидон 10л 1шт,,,,,,,5698390666,25005056320260915,3134805077505
Саныч,46280,Штраф за нарушение срока передачи товара,известь 10 кг,566189860,"32,63",57684747252,известь 10 кг,,,,,,,5700133193,25005056320260915,3134805077504
Саныч,46280,Штраф за нарушение срока передачи товара,"лопаташтык с черенком (перч,саморез2)",1299169518,"16,71",57723153264,"лопаташтык с черенком (перч,саморез2)",,,,,,,5701843062,25005056320260915,3134805077503
Саныч,46280,Штраф за нарушение срока передачи товара,известь 10 кг,566189860,"32,74",57693180532,известь 10 кг,,,,,,,5700384271,25005056320260915,3134805077502
Саныч,46280,Штраф за нарушение срока передачи товара,известь 6кг + ведро оцинк 12л,1515740423,"128,19",57677709454,известь 6кг + ведро оцинк 12л,,,,,,,5692518577,25005056320260915,3134805077501
Саныч,46280,Штраф за нарушение срока передачи товара,известь 6кг + ведро оцинк 12л,1515740423,"37,04",57684514694,известь 6кг + ведро оцинк 12л,,,,,,,5699205564,25005056320260915,3134805077500
Саныч,46280,Штраф за нарушение срока передачи товара,вилы копальные с черенком,1263874797,"116,08",57685796150,вилы копальные с черенком,,,,,,,5698668320,25005056320260915,3134805077499
Саныч,46280,Штраф за нарушение срока передачи товара,известь 10 кг,566189860,"25,68",57686430223,известь 10 кг,,,,,,,5701314650,25005056320260915,3134805077498
Саныч,46280,Штраф за нарушение срока передачи товара,известь 6 кг,566189859,"27,66",57687382974,известь 6 кг,,,,,,,5699093125,25005056320260915,3134805077497
Саныч,46280,Штраф за нарушение срока передачи товара,известь 6 кг,566189859,"7,34",52897292054,известь 6 кг,,,,,,,5702839635,25005056320260915,3134805077496
Саныч,46280,Штраф за нарушение срока передачи товара,известь 2кг + ведро оцинк 12л,1515740422,"31,02",57687858159,известь 2кг + ведро оцинк 12л,,,,,,,5699749637,25005056320260915,3134805077495
Саныч,46280,Штраф за нарушение срока передачи товара,"лопатасовк с черенком (перч,саморез2)",1299201993,"43,34",57687486534,"лопатасовк с черенком (перч,саморез2)",,,,,,,5699235522,25005056320260915,3134805077494
Саныч,46280,Штраф за нарушение срока передачи товара,известь 6 кг,566189859,"17,75",57686136603,известь 6 кг,,,,,,,5700999862,25005056320260915,3134805077493
Саныч,46280,Штраф за нарушение срока передачи товара,известь 6кг + ведро оцинк 12л,1515740423,"63,80",57685639470,известь 6кг + ведро оцинк 12л,,,,,,,5697295999,25005056320260915,3134805077492
Саныч,46280,Штраф за нарушение срока передачи товара,"лопаташтык с черенком (перч,саморез2)",1299169518,"19,12",57710414780,"лопаташтык с черенком (перч,саморез2)",,,,,,,5701479521,25005056320260915,3134805077491
Саныч,46280,Штраф за нарушение срока передачи товара,известь 6 кг,566189859,"20,24",57685867577,известь 6 кг,,,,,,,5700508913,25005056320260915,3134805077490
Саныч,46280,Штраф за нарушение срока передачи товара,известь 10 кг,566189860,"16,21",57731471614,известь 10 кг,,,,,,,5702231339,25005056320260915,3134805077489
Саныч,46280,Штраф за нарушение срока передачи товара,грабли 1шт 22зуб мет (без черенка),1275035966,"14,26",57710446071,грабли 1шт 22зуб мет (без черенка),,,,,,,5701513022,25005056320260915,3134805077488
Саныч,46280,Штраф за нарушение срока передачи товара,известь 10 кг,566189860,"28,95",57703637798,известь 10 кг,,,,,,,5700619134,25005056320260915,3134805077487
Саныч,46280,Штраф за нарушение срока передачи товара,мел 6кг,769654700,"33,58",57687140949,мел 6кг,,,,,,,5698750803,25005056320260915,3134805077486
Саныч,46280,Штраф за нарушение срока передачи товара,метла гар 1шт,1260779020,"22,39",57710359565,метла гар 1шт,,,,,,,5701417673,25005056320260915,3134805077485
Саныч,46280,Штраф за нарушение срока передачи товара,грабли 1шт 22зуб мет (без черенка),1275035966,"8,18",57732912813,грабли 1шт 22зуб мет (без черенка),,,,,,,5702572587,25005056320260915,3134805077484
Саныч,46280,Штраф за нарушение срока передачи товара,грабли 1шт 15зуб мет(перч),1266418446,"10,61",57733024718,грабли 1шт 15зуб мет(перч),,,,,,,5702688009,25005056320260915,3134805077483
Саныч,46280,Штраф за нарушение срока передачи товара,известь 10 кг,566189860,"22,88",57710365024,известь 10 кг,,,,,,,5701423268,25005056320260915,3134805077482
Саныч,46280,Штраф за нарушение срока передачи товара,известь 6 кг,566189859,"22,81",57684724777,известь 6 кг,,,,,,,5700038392,25005056320260915,3134805077481
Саныч,46280,Штраф за нарушение срока передачи товара,известь 10 кг,566189860,"13,96",57732655604,известь 10 кг,,,,,,,5702314502,25005056320260915,3134805077480
Саныч,46280,Штраф за нарушение срока передачи товара,известь 6кг + ведро оцинк 12л,1515740423,"138,78",57634863258,известь 6кг + ведро оцинк 12л,,,,,,,5691243996,25005056320260915,3134805077479
Саныч,46280,Штраф за нарушение срока передачи товара,известь 10 кг,566189860,"28,89",57703649545,известь 10 кг,,,,,,,5700624289,25005056320260915,3134805077478
Саныч,46280,Штраф за нарушение срока передачи товара,известь 2 кг,566189857,"0,54",57732663244,известь 2 кг,,,,,,,5702322236,25005056320260915,3134805077477
Саныч,46280,Штраф за нарушение срока передачи товара,известь 2 кг,566189857,"6,75",57687861280,известь 2 кг,,,,,,,5699754083,25005056320260915,3134805077476
Саныч,46280,Штраф за нарушение срока передачи товара,известь 2 кг,566189857,"4,52",57703751403,известь 2 кг,,,,,,,5700672253,25005056320260915,3134805077475
Саныч,46280,Штраф за нарушение срока передачи товара,известь 2 кг,566189857,"0,49",57732705939,известь 2 кг,,,,,,,5702365017,25005056320260915,3134805077474
Саныч,46280,Штраф за нарушение срока передачи товара,известь 2 кг,566189857,"3,04",57686406982,известь 2 кг,,,,,,,5701289651,25005056320260915,3134805077473
Саныч,46280,Штраф за нарушение срока передачи товара,известь 2 кг,566189857,"11,00",57684358704,известь 2 кг,,,,,,,5698619645,25005056320260915,3134805077472
Саныч,46280,Штраф за нарушение срока передачи товара,известь 2 кг,566189857,"11,11",57684347503,известь 2 кг,,,,,,,5698580133,25005056320260915,3134805077471
Саныч,46280,Штраф за нарушение срока передачи товара,известь 2 кг,566189857,"4,31",57704044660,известь 2 кг,,,,,,,5700806875,25005056320260915,3134805077470
Саныч,46280,Штраф за нарушение срока передачи товара,известь 2 кг,566189857,"12,21",57684227592,известь 2 кг,,,,,,,5698157098,25005056320260915,3134805077469
Саныч,46280,Штраф за нарушение срока передачи товара,известь 2 кг,566189857,"12,21",57684227603,известь 2 кг,,,,,,,5698157097,25005056320260915,3134805077468
Саныч,46280,Штраф за нарушение срока передачи товара,известь 2 кг,566189857,"9,14",57687541503,известь 2 кг,,,,,,,5699313964,25005056320260915,3134805077467
AIR,46280,Штраф за нарушение срока передачи товара,вазоны 2шт черные 6л,347376587,"1,84",57740525040,вазоны 2шт черные 6л,,,,,,,5705113615,95361120260915,3134779470258
AIR,46280,Штраф за нарушение срока передачи товара,3шт-вазон 22л коричневый,771963170,"161,59",57687211399,3шт-вазон 22л коричневый,,,,,,,5698854259,95361120260915,3134779470257
AIR,46280,Штраф за нарушение срока передачи товара,вазон 22л белый,771965776,"72,84",57687135014,вазон 22л белый,,,,,,,5698742514,95361120260915,3134779470256
AIR,46280,Штраф за нарушение срока передачи товара,3шт-вазон 12л белый,363602607,"60,94",57703582427,3шт-вазон 12л белый,,,,,,,5700592524,95361120260915,3134779470255
AIR,46280,Штраф за нарушение срока передачи товара,"вазон 2,5л черный",341460915,"11,41",57710576137,"вазон 2,5л черный",,,,,,,5701652584,95361120260915,3134779470254
AIR,46280,Штраф за нарушение срока передачи товара,вазоны 2шт черные 6л,347376587,"6,52",53078559002,вазоны 2шт черные 6л,,,,,,,5704063325,95361120260915,3134779470253
AIR,46280,Штраф за нарушение срока передачи товара,3шт-вазон 5л коричневый,418211190,"1,95",57740478877,3шт-вазон 5л коричневый,,,,,,,5705067285,95361120260915,3134779470252
AIR,46280,Штраф за нарушение срока передачи товара,3шт-вазон 5л коричневый,418211190,"1,48",57740543409,3шт-вазон 5л коричневый,,,,,,,5705132042,95361120260915,3134779470251
AIR,46280,Штраф за нарушение срока передачи товара,"вазон 2,5л черный",341460915,"15,29",57703635164,"вазон 2,5л черный",,,,,,,5700618075,95361120260915,3134779470250
AIR,46280,Штраф за нарушение срока передачи товара,вазоны 2шт черные 6л,347376587,"24,21",57731390672,вазоны 2шт черные 6л,,,,,,,5702149561,95361120260915,3134779470249
AIR,46280,Штраф за нарушение срока передачи товара,кашпо бел 5л 4 шт,1274995516,"4,16",53054141747,кашпо бел 5л 4 шт,,,,,,,5704326179,95361120260915,3134779470248
Хозяюшка,46279,Штраф за нарушение срока передачи товара,ведро пласт с крышкой 3л 1 шт,1497431792,"32,91",57636506909,ведро пласт с крышкой 3л 1 шт,,,,,,,5689049303,25017326820260914,3134741806506
Хозяюшка,46279,Штраф за нарушение срока передачи товара,ведро пласт с крышкой 10л 1 шт,1497431550,"25,45",57677366203,ведро пласт с крышкой 10л 1 шт,,,,,,,5692340135,25017326820260914,3134741806505
Хозяюшка,46279,Штраф за нарушение срока передачи товара,ведро пласт с крышкой 3л 1 шт,1497431792,"18,54",57642837510,ведро пласт с крышкой 3л 1 шт,,,,,,,5691089212,25017326820260914,3134741806504
Хозяюшка,46279,Штраф за нарушение срока передачи товара,ведро пласт с крышкой 10 л 3 шт,1523255615,"7,53",57682301104,ведро пласт с крышкой 10 л 3 шт,,,,,,,5695496011,25017326820260914,3134741806503
Хозяюшка,46279,Штраф за нарушение срока передачи товара,ведро пласт с крышкой 5л 3 шт,1497431369,"73,59",57634679486,ведро пласт с крышкой 5л 3 шт,,,,,,,5690666431,25017326820260914,3134741806502
Хозяюшка,46279,Штраф за нарушение срока передачи товара,ведро пласт с крышкой 5л 5 шт,1497431370,"21,04",57681392415,ведро пласт с крышкой 5л 5 шт,,,,,,,5694237191,25017326820260914,3134741806501
Хозяюшка,46279,Штраф за нарушение срока передачи товара,ведро пласт с крышкой 3 л 3 шт,1523199952,"6,42",57681919716,ведро пласт с крышкой 3 л 3 шт,,,,,,,5695002952,25017326820260914,3134741806500
Хозяюшка,46279,Штраф за нарушение срока передачи товара,цемент - 25 кг,1515370149,"113,19",57634443399,цемент - 25 кг,,,,,,,5690114539,25017326820260914,3134741806499
Хозяюшка,46279,Штраф за нарушение срока передачи товара,цемент - 10 кг,1508796599,"73,49",57636998452,цемент - 10 кг,,,,,,,5689773216,25017326820260914,3134741806498
Хозяюшка,46279,Штраф за нарушение срока передачи товара,цемент - 25 кг,1515370149,"58,16",57677654935,цемент - 25 кг,,,,,,,5692490329,25017326820260914,3134741806497
Хозяюшка,46279,Штраф за нарушение срока передачи товара,цемент - 25 кг,1515370149,"58,06",57677654963,цемент - 25 кг,,,,,,,5692490330,25017326820260914,3134741806496
Хозяюшка,46279,Штраф за нарушение срока передачи товара,цемент - 25 кг,1515370149,"58,16",57677654930,цемент - 25 кг,,,,,,,5692490326,25017326820260914,3134741806495
Хозяюшка,46279,Штраф за нарушение срока передачи товара,цемент - 25 кг,1515370149,"58,16",57677654925,цемент - 25 кг,,,,,,,5692490325,25017326820260914,3134741806494
Хозяюшка,46279,Штраф за нарушение срока передачи товара,цемент - 25 кг,1515370149,"58,16",57677654955,цемент - 25 кг,,,,,,,5692490331,25017326820260914,3134741806493
Хозяюшка,46279,Штраф за нарушение срока передачи товара,ведро пласт с крышкой 3л 1 шт,1497431792,"20,35",57634646819,ведро пласт с крышкой 3л 1 шт,,,,,,,5690562047,25017326820260914,3134741806492
Хозяюшка,46279,Штраф за нарушение срока передачи товара,цемент - 25 кг,1515370149,"58,06",57677654962,цемент - 25 кг,,,,,,,5692490332,25017326820260914,3134741806491
Хозяюшка,46279,Штраф за нарушение срока передачи товара,цемент - 25 кг,1515370149,"58,16",57677654924,цемент - 25 кг,,,,,,,5692490327,25017326820260914,3134741806490
Хозяюшка,46279,Штраф за нарушение срока передачи товара,цемент - 25 кг,1515370149,"58,16",57677654949,цемент - 25 кг,,,,,,,5692490328,25017326820260914,3134741806489
Саныч,46279,Штраф МП. Невыполненный заказ (отмена продавцом),лоток чер 6 бп н2,1223840885,"310,00",57316624149,лоток чер 6 бп н2,,,,,,,5615215255,25005056320260914,3134741557992
Саныч,46279,Штраф за нарушение срока передачи товара,известь 10 кг,566189860,"41,17",57663425026,известь 10 кг,,,,,,,5692078346,25005056320260914,3134741557991
Саныч,46279,Штраф за нарушение срока передачи товара,известь 10 кг,566189860,"41,11",57663425014,известь 10 кг,,,,,,,5692078354,25005056320260914,3134741557990
Саныч,46279,Штраф за нарушение срока передачи товара,известь 10 кг,566189860,"41,23",57663425028,известь 10 кг,,,,,,,5692078350,25005056320260914,3134741557989
Саныч,46279,Штраф за нарушение срока передачи товара,известь 10 кг,566189860,"41,11",57663424998,известь 10 кг,,,,,,,5692078355,25005056320260914,3134741557988
Саныч,46279,Штраф за нарушение срока передачи товара,мел 2кг,769654698,"24,04",57637115963,мел 2кг,,,,,,,5689952462,25005056320260914,3134741557987
Саныч,46279,Штраф за нарушение срока передачи товара,известь 10 кг,566189860,"41,23",57663425020,известь 10 кг,,,,,,,5692078353,25005056320260914,3134741557986
Саныч,46279,Штраф за нарушение срока передачи товара,известь 10 кг,566189860,"41,17",57663425010,известь 10 кг,,,,,,,5692078357,25005056320260914,3134741557985
Саныч,46279,Штраф за нарушение срока передачи товара,известь 10 кг,566189860,"41,23",57663425025,известь 10 кг,,,,,,,5692078344,25005056320260914,3134741557984
Саныч,46279,Штраф за нарушение срока передачи товара,известь 10 кг,566189860,"41,23",57663425023,известь 10 кг,,,,,,,5692078343,25005056320260914,3134741557983
Саныч,46279,Штраф за нарушение срока передачи товара,известь 10 кг,566189860,"41,17",57663425027,известь 10 кг,,,,,,,5692078347,25005056320260914,3134741557982
Саныч,46279,Штраф за нарушение срока передачи товара,ведро оцинкованное 9 л 3шт,1240523654,"166,92",57633471416,ведро оцинкованное 9 л 3шт,,,,,,,5687438981,25005056320260914,3134741557981
Саныч,46279,Штраф за нарушение срока передачи товара,известь 10 кг,566189860,"41,11",57663424992,известь 10 кг,,,,,,,5692078345,25005056320260914,3134741557980
Саныч,46279,Штраф за нарушение срока передачи товара,бидон 10л 1шт,1249688168,"45,40",57634174271,бидон 10л 1шт,,,,,,,5689305135,25005056320260914,3134741557979
Саныч,46279,Штраф за нарушение срока передачи товара,известь 4 кг,566189858,"31,88",57634209772,известь 4 кг,,,,,,,5689278503,25005056320260914,3134741557978
Саныч,46279,Штраф за нарушение срока передачи товара,мел 2кг,769654698,"0,45",57682596065,мел 2кг,,,,,,,5695795400,25005056320260914,3134741557977
Саныч,46279,Штраф за нарушение срока передачи товара,известь 6 кг,566189859,"57,37",57633917647,известь 6 кг,,,,,,,5688708746,25005056320260914,3134741557976
Саныч,46279,Штраф за нарушение срока передачи товара,бидон 10л 2шт,1249688169,"75,24",57636811988,бидон 10л 2шт,,,,,,,5689491099,25005056320260914,3134741557975
Саныч,46279,Штраф за нарушение срока передачи товара,известь 2 кг,566189857,"5,21",52897265767,известь 2 кг,,,,,,,5695459883,25005056320260914,3134741557974
Саныч,46279,Штраф за нарушение срока передачи товара,известь 4 кг,566189858,"34,81",57633877669,известь 4 кг,,,,,,,5688664814,25005056320260914,3134741557973
Саныч,46279,Штраф за нарушение срока передачи товара,известь 4 кг,566189858,"16,02",57654820927,известь 4 кг,,,,,,,5691792131,25005056320260914,3134741557972
Саныч,46279,Штраф за нарушение срока передачи товара,известь 4 кг,566189858,"6,18",57681376549,известь 4 кг,,,,,,,5694214409,25005056320260914,3134741557971
Саныч,46279,Штраф за нарушение срока передачи товара,известь 4 кг,566189858,"15,30",57663396778,известь 4 кг,,,,,,,5692038274,25005056320260914,3134741557970
Саныч,46279,Штраф за нарушение срока передачи товара,известь 4 кг,566189858,"36,00",57636546337,известь 4 кг,,,,,,,5689105626,25005056320260914,3134741557969
Саныч,46279,Штраф за нарушение срока передачи товара,известь 10 кг,566189860,"22,91",57681617266,известь 10 кг,,,,,,,5694563878,25005056320260914,3134741557968
Саныч,46279,Штраф за нарушение срока передачи товара,известь 6 кг,566189859,"25,92",57677767621,известь 6 кг,,,,,,,5692548783,25005056320260914,3134741557967
Саныч,46279,Штраф за нарушение срока передачи товара,известь 2 кг,566189857,"11,70",57636335369,известь 2 кг,,,,,,,5693394862,25005056320260914,3134741557966
Саныч,46279,Штраф за нарушение срока передачи товара,мел 2кг,769654698,"37,57",57633489440,мел 2кг,,,,,,,5687458731,25005056320260914,3134741557965
Саныч,46279,Штраф за нарушение срока передачи товара,известь 2 кг,566189857,"6,09",52896538927,известь 2 кг,,,,,,,5695095914,25005056320260914,3134741557964
Саныч,46279,Штраф за нарушение срока передачи товара,мел 2кг,769654698,"9,15",57681167023,мел 2кг,,,,,,,5693917275,25005056320260914,3134741557963
Саныч,46279,Штраф за нарушение срока передачи товара,известь 4 кг,566189858,"33,37",57636950244,известь 4 кг,,,,,,,5689702218,25005056320260914,3134741557962
Саныч,46279,Штраф за нарушение срока передачи товара,известь 10 кг,566189860,"21,45",57681745900,известь 10 кг,,,,,,,5694752268,25005056320260914,3134741557961
Саныч,46279,Штраф за нарушение срока передачи товара,известь 4 кг,566189858,"12,87",57678045958,известь 4 кг,,,,,,,5692688951,25005056320260914,3134741557960
Саныч,46279,Штраф за нарушение срока передачи товара,известь 6 кг,566189859,"26,36",57677606776,известь 6 кг,,,,,,,5692461489,25005056320260914,3134741557959
Саныч,46279,Штраф за нарушение срока передачи товара,известь 6 кг,566189859,"20,86",57680884202,известь 6 кг,,,,,,,5693531571,25005056320260914,3134741557958
Саныч,46279,Штраф за нарушение срока передачи товара,известь 4 кг,566189858,"19,05",57634777804,известь 4 кг,,,,,,,5690967566,25005056320260914,3134741557957
Саныч,46279,Штраф за нарушение срока передачи товара,известь 4 кг,566189858,"12,12",57636219145,известь 4 кг,,,,,,,5692902501,25005056320260914,3134741557956
Саныч,46279,Штраф за нарушение срока передачи товара,известь 6 кг,566189859,"8,73",57681211154,известь 6 кг,,,,,,,5693977939,25005056320260914,3134741557955
Саныч,46279,Штраф за нарушение срока передачи товара,известь 4 кг,566189858,"30,88",57636791143,известь 4 кг,,,,,,,5689458350,25005056320260914,3134741557954
Саныч,46279,Штраф за нарушение срока передачи товара,известь 4 кг,566189858,"15,73",57663304758,известь 4 кг,,,,,,,5691907280,25005056320260914,3134741557953
Саныч,46279,Штраф за нарушение срока передачи товара,известь 2 кг,566189857,"11,96",57680729374,известь 2 кг,,,,,,,5693317044,25005056320260914,3134741557952
Саныч,46279,Штраф за нарушение срока передачи товара,известь 4 кг,566189858,"7,89",57680980208,известь 4 кг,,,,,,,5693664061,25005056320260914,3134741557951
Саныч,46279,Штраф за нарушение срока передачи товара,ведро 12л 10шт,1124967281,"174,89",57633842675,ведро 12л 10шт,,,,,,,5688650337,25005056320260914,3134741557950
Саныч,46279,Штраф за нарушение срока передачи товара,известь 4 кг,566189858,"19,77",57637659762,известь 4 кг,,,,,,,5690754852,25005056320260914,3134741557949
Саныч,46279,Штраф за нарушение срока передачи товара,известь 4 кг,566189858,"30,14",57636910033,известь 4 кг,,,,,,,5689642510,25005056320260914,3134741557948
Саныч,46279,Штраф за нарушение срока передачи товара,известь 6 кг,566189859,"37,81",57642842245,известь 6 кг,,,,,,,5691096256,25005056320260914,3134741557947
Саныч,46279,Штраф за нарушение срока передачи товара,бидон 8л 2шт,1249688166,"8,85",57681832399,бидон 8л 2шт,,,,,,,5694878302,25005056320260914,3134741557946
Саныч,46279,Штраф за нарушение срока передачи товара,известь 10 кг,566189860,"65,38",57637635889,известь 10 кг,,,,,,,5690720378,25005056320260914,3134741557945
Саныч,46279,Штраф за нарушение срока передачи товара,известь 4 кг,566189858,"15,64",57663310160,известь 4 кг,,,,,,,5691914456,25005056320260914,3134741557944
Саныч,46279,Штраф за нарушение срока передачи товара,известь 2 кг,566189857,"28,15",57636887712,известь 2 кг,,,,,,,5689608587,25005056320260914,3134741557943
Саныч,46279,Штраф за нарушение срока передачи товара,известь 4 кг,566189858,"35,82",57634206037,известь 4 кг,,,,,,,5689150535,25005056320260914,3134741557942
Саныч,46279,Штраф за нарушение срока передачи товара,известь 4 кг,566189858,"8,75",57680783292,известь 4 кг,,,,,,,5693390513,25005056320260914,3134741557941
Саныч,46279,Штраф за нарушение срока передачи товара,известь 4 кг,566189858,"11,17",57680596105,известь 4 кг,,,,,,,5693139860,25005056320260914,3134741557940
Саныч,46279,Штраф за нарушение срока передачи товара,известь 10 кг,566189860,"34,23",57680508713,известь 10 кг,,,,,,,5693022579,25005056320260914,3134741557939
Саныч,46279,Штраф за нарушение срока передачи товара,известь 4 кг,566189858,"2,96",52897235399,известь 4 кг,,,,,,,5695285996,25005056320260914,3134741557938
Саныч,46279,Штраф за нарушение срока передачи товара,известь 2 кг,566189857,"13,95",57677929209,известь 2 кг,,,,,,,5692630663,25005056320260914,3134741557937
Саныч,46279,Штраф за нарушение срока передачи товара,ведро 12л 5шт,1124967280,"48,75",57654799620,ведро 12л 5шт,,,,,,,5691763240,25005056320260914,3134741557936
Саныч,46279,Штраф за нарушение срока передачи товара,известь 4 кг,566189858,"12,21",57636214812,известь 4 кг,,,,,,,5692885994,25005056320260914,3134741557935
Саныч,46279,Штраф за нарушение срока передачи товара,известь 4 кг,566189858,"17,20",57654615468,известь 4 кг,,,,,,,5691496111,25005056320260914,3134741557934
Саныч,46279,Штраф за нарушение срока передачи товара,бидон 10л 1шт,1249688168,"19,65",57677574205,бидон 10л 1шт,,,,,,,5692444806,25005056320260914,3134741557933
Саныч,46279,Штраф за нарушение срока передачи товара,известь 4 кг,566189858,"7,27",52764441867,известь 4 кг,,,,,,,5693871446,25005056320260914,3134741557932
Саныч,46279,Штраф за нарушение срока передачи товара,известь 4 кг,566189858,"7,10",57681171900,известь 4 кг,,,,,,,5693924036,25005056320260914,3134741557931
Саныч,46279,Штраф за нарушение срока передачи товара,известь 4 кг,566189858,"7,00",52764460612,известь 4 кг,,,,,,,5693942668,25005056320260914,3134741557930
Саныч,46279,Штраф за нарушение срока передачи товара,известь 4 кг,566189858,"32,21",57636603949,известь 4 кг,,,,,,,5689188560,25005056320260914,3134741557929
Саныч,46279,Штраф за нарушение срока передачи товара,известь 4 кг,566189858,"4,15",57681855862,известь 4 кг,,,,,,,5694911225,25005056320260914,3134741557928
Саныч,46279,Штраф за нарушение срока передачи товара,известь 6 кг,566189859,"15,84",57681597331,известь 6 кг,,,,,,,5694534051,25005056320260914,3134741557927
Саныч,46279,Штраф за нарушение срока передачи товара,известь 6 кг,566189859,"22,87",57654601254,известь 6 кг,,,,,,,5691474385,25005056320260914,3134741557926
Саныч,46279,Штраф за нарушение срока передачи товара,известь 10 кг,566189860,"22,85",52896376638,известь 10 кг,,,,,,,5694550410,25005056320260914,3134741557925
Саныч,46279,Штраф за нарушение срока передачи товара,известь 10 кг,566189860,"67,93",57637437103,известь 10 кг,,,,,,,5690426843,25005056320260914,3134741557924
Саныч,46279,Штраф за нарушение срока передачи товара,известь 4 кг,566189858,"12,61",57680324840,известь 4 кг,,,,,,,5692775510,25005056320260914,3134741557923
Саныч,46279,Штраф за нарушение срока передачи товара,бидон 10л 1шт,1249688168,"9,95",52764461312,бидон 10л 1шт,,,,,,,5693945368,25005056320260914,3134741557922
Саныч,46279,Штраф за нарушение срока передачи товара,известь 4 кг,566189858,"29,24",57634374527,известь 4 кг,,,,,,,5689886905,25005056320260914,3134741557921
Саныч,46279,Штраф за нарушение срока передачи товара,известь 10 кг,566189860,"32,07",57680718609,известь 10 кг,,,,,,,5693302408,25005056320260914,3134741557920
Саныч,46279,Штраф за нарушение срока передачи товара,известь 10 кг,566189860,"11,34",57682547942,известь 10 кг,,,,,,,5695747474,25005056320260914,3134741557919
Саныч,46279,Штраф за нарушение срока передачи товара,бидон 10л 1шт,1249688168,"9,99",52764461328,бидон 10л 1шт,,,,,,,5693945369,25005056320260914,3134741557918
Саныч,46279,Штраф за нарушение срока передачи товара,мел 4кг,769654699,"12,97",57677910747,мел 4кг,,,,,,,5692621886,25005056320260914,3134741557917
Саныч,46279,Штраф за нарушение срока передачи товара,известь 10 кг,566189860,"11,29",57682547956,известь 10 кг,,,,,,,5695747476,25005056320260914,3134741557916
Саныч,46279,Штраф за нарушение срока передачи товара,известь 4 кг,566189858,"6,11",57681393341,известь 4 кг,,,,,,,5694238113,25005056320260914,3134741557915
Саныч,46279,Штраф за нарушение срока передачи товара,известь 2 кг,566189857,"7,93",52896451375,известь 2 кг,,,,,,,5694792637,25005056320260914,3134741557914
Саныч,46279,Штраф за нарушение срока передачи товара,известь 2 кг,566189857,"8,04",52896441890,известь 2 кг,,,,,,,5694763096,25005056320260914,3134741557913
Саныч,46279,Штраф за нарушение срока передачи товара,известь 4 кг,566189858,"37,23",57634050408,известь 4 кг,,,,,,,5688842595,25005056320260914,3134741557912
Саныч,46279,Штраф за нарушение срока передачи товара,известь 4 кг,566189858,"18,21",57642911916,известь 4 кг,,,,,,,5691199569,25005056320260914,3134741557911
Саныч,46279,Штраф за нарушение срока передачи товара,ведро оцинкованное 15 л 3шт,1241057288,"67,82",57663280396,ведро оцинкованное 15 л 3шт,,,,,,,5691874509,25005056320260914,3134741557910
Саныч,46279,Штраф за нарушение срока передачи товара,известь 10 кг,566189860,"35,10",57680425178,известь 10 кг,,,,,,,5692910234,25005056320260914,3134741557909
Саныч,46279,Штраф за нарушение срока передачи товара,мел 2кг,769654698,"18,10",57635051218,мел 2кг,,,,,,,5691920272,25005056320260914,3134741557908
Саныч,46279,Штраф за нарушение срока передачи товара,кашпо б 5л 4шт,1244428805,"111,86",57633517839,кашпо б 5л 4шт,,,,,,,5687489486,25005056320260914,3134741557907
Саныч,46279,Штраф за нарушение срока передачи товара,кашпо б 5л 4шт,1244428805,"131,00",57632969544,кашпо б 5л 4шт,,,,,,,5686864170,25005056320260914,3134741557906
Саныч,46279,Штраф за нарушение срока передачи товара,известь 4 кг,566189858,"31,40",57636747440,известь 4 кг,,,,,,,5689393172,25005056320260914,3134741557905
Саныч,46279,Штраф за нарушение срока передачи товара,известь 2 кг,566189857,"10,30",52764450213,известь 2 кг,,,,,,,5693904040,25005056320260914,3134741557904
Саныч,46279,Штраф за нарушение срока передачи товара,известь 4 кг,566189858,"15,27",57663398108,известь 4 кг,,,,,,,5692039967,25005056320260914,3134741557903
Саныч,46279,Штраф за нарушение срока передачи товара,мел 2кг,769654698,"27,57",57634004257,мел 2кг,,,,,,,5688796773,25005056320260914,3134741557902
Саныч,46279,Штраф за нарушение срока передачи товара,мел 6кг,769654700,"40,08",57636999377,мел 6кг,,,,,,,5689774665,25005056320260914,3134741557901
Саныч,46279,Штраф за нарушение срока передачи товара,мел 2кг,769654698,"22,96",57634004238,мел 2кг,,,,,,,5688796774,25005056320260914,3134741557900
Саныч,46279,Штраф за нарушение срока передачи товара,известь 6 кг,566189859,"25,55",57637772727,известь 6 кг,,,,,,,5690919436,25005056320260914,3134741557899
Саныч,46279,Штраф за нарушение срока передачи товара,известь 4 кг,566189858,"4,84",57681696593,известь 4 кг,,,,,,,5694679739,25005056320260914,3134741557898
Саныч,46279,Штраф за нарушение срока передачи товара,известь 4 кг,566189858,"30,10",57636931206,известь 4 кг,,,,,,,5689674262,25005056320260914,3134741557897
Саныч,46279,Штраф за нарушение срока передачи товара,известь 4 кг,566189858,"34,29",57633933966,известь 4 кг,,,,,,,5688726728,25005056320260914,3134741557896
Саныч,46279,Штраф за нарушение срока передачи товара,известь 4 кг,566189858,"16,22",57635014946,известь 4 кг,,,,,,,5691777468,25005056320260914,3134741557895
Саныч,46279,Штраф за нарушение срока передачи товара,известь 10 кг,566189860,"32,88",57680636727,известь 10 кг,,,,,,,5693193819,25005056320260914,3134741557894
Саныч,46279,Штраф за нарушение срока передачи товара,известь 4 кг,566189858,"29,24",57637076848,известь 4 кг,,,,,,,5689894401,25005056320260914,3134741557893
Саныч,46279,Штраф за нарушение срока передачи товара,известь 6 кг,566189859,"43,02",57634162356,известь 6 кг,,,,,,,5689258537,25005056320260914,3134741557892
Саныч,46279,Штраф за нарушение срока передачи товара,известь 10 кг,566189860,"74,98",57636898786,известь 10 кг,,,,,,,5689625441,25005056320260914,3134741557891
Саныч,46279,Штраф за нарушение срока передачи товара,известь 4 кг,566189858,"1,80",57682382924,известь 4 кг,,,,,,,5695581538,25005056320260914,3134741557890
Саныч,46279,Штраф за нарушение срока передачи товара,известь 4 кг,566189858,"32,40",57634138981,известь 4 кг,,,,,,,5689173575,25005056320260914,3134741557889
Саныч,46279,Штраф за нарушение срока передачи товара,известь 10 кг,566189860,"24,54",57681446070,известь 10 кг,,,,,,,5694314344,25005056320260914,3134741557888
Саныч,46279,Штраф за нарушение срока передачи товара,известь 4 кг,566189858,"17,09",57654635123,известь 4 кг,,,,,,,5691525784,25005056320260914,3134741557887
Саныч,46279,Штраф за нарушение срока передачи товара,известь 2 кг,566189857,"10,23",57681164246,известь 2 кг,,,,,,,5693913398,25005056320260914,3134741557886
Саныч,46279,Штраф МП. Невыполненный заказ (отмена продавцом),лоток чер 6 бп н2,1223840885,"310,33",57312599144,лоток чер 6 бп н2,,,,,,,5613163774,25005056320260914,3134741557885
Саныч,46279,Штраф МП. Невыполненный заказ (отмена продавцом),"лопаташтык с черенком (перч,саморез2)",1299169518,"393,76",57312459175,"лопаташтык с черенком (перч,саморез2)",,,,,,,5613010658,25005056320260914,3134741557884
Саныч,46279,Штраф МП. Невыполненный заказ,ведро 12л 1шт,1120558429,"94,76",57185997760,ведро 12л 1шт,,,,,,,5586066107,25005056320260914,3134741557883
AIR,46279,Штраф за нарушение срока передачи товара,3шт-вазон 22л белый,771963173,"88,36",57663512721,3шт-вазон 22л белый,,,,,,,5692201873,95361120260914,3134695502454
AIR,46279,Штраф за нарушение срока передачи товара,вазон 22л белый,771965776,"39,15",57663385759,вазон 22л белый,,,,,,,5692022052,95361120260914,3134695502453
AIR,46279,Штраф за нарушение срока передачи товара,вазон 2шт черные 17л,326579192,"92,27",57637089607,вазон 2шт черные 17л,,,,,,,5689912792,95361120260914,3134695502452
AIR,46279,Штраф за нарушение срока передачи товара,вазон 6л черный,316465164,"12,28",52764539897,вазон 6л черный,,,,,,,5694218403,95361120260914,3134695502451
AIR,46279,Штраф за нарушение срока передачи товара,вазон 2шт черные 17л,326579192,"34,48",57636288468,вазон 2шт черные 17л,,,,,,,5693199881,95361120260914,3134695502450
AIR,46279,Штраф за нарушение срока передачи товара,вазон 6л черный,316465164,"39,09",57637734412,вазон 6л черный,,,,,,,5690863630,95361120260914,3134695502449
AIR,46279,Штраф за нарушение срока передачи товара,3шт-вазон 12л белый,363602607,"146,85",57636628882,3шт-вазон 12л белый,,,,,,,5689224771,95361120260914,3134695502448
AIR,46279,Штраф за нарушение срока передачи товара,вазон 5л белый,418218469,"5,53",57681892942,вазон 5л белый,,,,,,,5694964699,95361120260914,3134695502447
AIR,46279,Штраф за нарушение срока передачи товара,ваза 17л черная 2шт,327128558,"33,42",57681088469,ваза 17л черная 2шт,,,,,,,5693810743,95361120260914,3134695502446
AIR,46279,Штраф за нарушение срока передачи товара,ваза 6л черные 2шт,327127579,"82,83",57637698851,ваза 6л черные 2шт,,,,,,,5690811140,95361120260914,3134695502445
AIR,46279,Штраф за нарушение срока передачи товара,"ваза 2,5л черный",341251143,"17,36",57680508717,"ваза 2,5л черный",,,,,,,5693022584,95361120260914,3134695502444
AIR,46279,Штраф за нарушение срока передачи товара," вазон 2,5л коричневый венеция",771965778,"33,00",57634278677," вазон 2,5л коричневый венеция",,,,,,,5689603614,95361120260914,3134695502443
AIR,46279,Штраф за нарушение срока передачи товара,вазон 2шт черные 17л,326579192,"60,30",57637797210,вазон 2шт черные 17л,,,,,,,5690954768,95361120260914,3134695502442
AIR,46279,Штраф за нарушение срока передачи товара,3шт-вазон 12л белый,363602607,"16,36",57635056141,3шт-вазон 12л белый,,,,,,,5691938660,95361120260914,3134695502441
AIR,46279,Штраф за нарушение срока передачи товара,3шт-вазон 12л белый,363602607,"59,16",57636626488,3шт-вазон 12л белый,,,,,,,5689221047,95361120260914,3134695502440
AIR,46279,Штраф за нарушение срока передачи товара,3шт-вазон 12л белый,363602607,"31,19",57637678895,3шт-вазон 12л белый,,,,,,,5690781974,95361120260914,3134695502439
Хозяюшка,46278,Штраф за нарушение срока передачи товара,цемент - 2 кг,1508796597,"2,82",57627619769,цемент - 2 кг,,,,,,,5681338120,25017326820260913,3134635207456
Хозяюшка,46278,Штраф за нарушение срока передачи товара,цемент - 5 кг,1508796598,"0,27",57628999726,цемент - 5 кг,,,,,,,5682635195,25017326820260913,3134635207455
Саныч,46278,Платное хранение возвратов на ПВЗ более 3 дней,метла гар 1шт,1260779020,"20,00",33326545215,метла гар 1шт,,,,,,,0,25005056320260913,3134632643494
Саныч,46278,Платное хранение возвратов на ПВЗ более 3 дней,ведро 12л 1шт,1120558429,"10,00",38796508345,ведро 12л 1шт,,,,,,,0,25005056320260913,3134632643493
Саныч,46278,Платное хранение возвратов на ПВЗ более 3 дней,ведро 12л 1шт,1120558429,"30,00",34234072420,ведро 12л 1шт,,,,,,,0,25005056320260913,3134632643492
Саныч,46278,Платное хранение возвратов на ПВЗ более 3 дней,метла гар 1шт,1260779020,"10,00",46685187802,метла гар 1шт,,,,,,,0,25005056320260913,3134632643491
Саныч,46278,Платное хранение возвратов на ПВЗ более 3 дней,ведро 12л 1шт,1120558429,"30,00",43204439472,ведро 12л 1шт,,,,,,,0,25005056320260913,3134632643490
Саныч,46278,Платное хранение возвратов на ПВЗ более 3 дней,ведро оцинкованное 12 л 1шт,1240712757,"20,00",33326549246,ведро оцинкованное 12 л 1шт,,,,,,,0,25005056320260913,3134632643489
Саныч,46278,Платное хранение возвратов на ПВЗ более 3 дней,ведро оцинкованное 15 л 1шт,1241057287,"20,00",32054003539,ведро оцинкованное 15 л 1шт,,,,,,,0,25005056320260913,3134632643488
Саныч,46278,Платное хранение возвратов на ПВЗ более 3 дней,ведро оцинкованное 9 л 1шт,1239306507,"40,00",29939094079,ведро оцинкованное 9 л 1шт,,,,,,,0,25005056320260913,3134632643487
Саныч,46278,Платное хранение возвратов на ПВЗ более 3 дней,ведро 12л 1шт,1120558429,"30,00",41182936739,ведро 12л 1шт,,,,,,,0,25005056320260913,3134632643486
Саныч,46278,Платное хранение возвратов на ПВЗ более 3 дней,мел 2кг,769654698,"20,00",38652006595,мел 2кг,,,,,,,0,25005056320260913,3134632643485
Саныч,46278,Платное хранение возвратов на ПВЗ более 3 дней,ведро 12л 1шт,1120558429,"30,00",39483638233,ведро 12л 1шт,,,,,,,0,25005056320260913,3134632643484
Саныч,46278,Платное хранение возвратов на ПВЗ более 3 дней,ведро 16л 3шт,1124967283,"20,00",33326544761,ведро 16л 3шт,,,,,,,0,25005056320260913,3134632643483
Саныч,46278,Платное хранение возвратов на ПВЗ более 3 дней,ведро оцинкованное 15 л 1шт,1241057287,"10,00",34375393074,ведро оцинкованное 15 л 1шт,,,,,,,0,25005056320260913,3134632643482
Саныч,46278,Платное хранение возвратов на ПВЗ более 3 дней,метла гар 1шт,1260779020,"10,00",41208830191,метла гар 1шт,,,,,,,0,25005056320260913,3134632643481
Саныч,46278,Платное хранение возвратов на ПВЗ более 3 дней,метла гар 1шт,1260779020,"20,00",30399674226,метла гар 1шт,,,,,,,0,25005056320260913,3134632643480
Саныч,46278,Платное хранение возвратов на ПВЗ более 3 дней,бидон 5л 1шт,1246051832,"20,00",48789381143,бидон 5л 1шт,,,,,,,0,25005056320260913,3134632643479
Саныч,46278,Платное хранение возвратов на ПВЗ более 3 дней,ведро 12л 1шт,1120558429,"20,00",31902939819,ведро 12л 1шт,,,,,,,0,25005056320260913,3134632643478
Саныч,46278,Платное хранение возвратов на ПВЗ более 3 дней,ведро 12л 1шт,1120558429,"30,00",46685186239,ведро 12л 1шт,,,,,,,0,25005056320260913,3134632643477
Саныч,46278,Платное хранение возвратов на ПВЗ более 3 дней,ведро оцинкованное 15 л 1шт,1241057287,"10,00",40409371741,ведро оцинкованное 15 л 1шт,,,,,,,0,25005056320260913,3134632643476
Саныч,46278,Платное хранение возвратов на ПВЗ более 3 дней,ведро оцинкованное 9 л 1шт,1239306507,"20,00",33326549248,ведро оцинкованное 9 л 1шт,,,,,,,0,25005056320260913,3134632643475
Саныч,46278,Платное хранение возвратов на ПВЗ более 3 дней,ведро оцинкованное 15 л 1шт,1241057287,"10,00",32041741384,ведро оцинкованное 15 л 1шт,,,,,,,0,25005056320260913,3134632643474
Саныч,46278,Платное хранение возвратов на ПВЗ более 3 дней,метла гар 1шт,1260779020,"10,00",47821861664,метла гар 1шт,,,,,,,0,25005056320260913,3134632643473
Саныч,46278,Платное хранение возвратов на ПВЗ более 3 дней,ведро оцинкованное 12 л 1шт,1240712757,"30,00",26265082561,ведро оцинкованное 12 л 1шт,,,,,,,0,25005056320260913,3134632643472
Саныч,46278,Платное хранение возвратов на ПВЗ более 3 дней,ведро 12л 1шт,1120558429,"20,00",46222398737,ведро 12л 1шт,,,,,,,0,25005056320260913,3134632643471
Саныч,46278,Штраф МП. Невыполненный заказ (отмена продавцом),"лопаташтык с черенком (перч,саморез2)",1299169518,"393,76",57264529388,"лопаташтык с черенком (перч,саморез2)",,,,,,,5608609710,25005056320260913,3134632643470
Саныч,46278,Штраф за нарушение срока передачи товара,известь 4 кг,566189858,"4,40",57627463511,известь 4 кг,,,,,,,5681094717,25005056320260913,3134632643468
Саныч,46278,Штраф за нарушение срока передачи товара,мел 6кг,769654700,"5,84",57627364196,мел 6кг,,,,,,,5680938593,25005056320260913,3134632643467
Саныч,46278,Штраф за нарушение срока передачи товара,мел 2кг,769654698,"0,18",57628954613,мел 2кг,,,,,,,5682563250,25005056320260913,3134632643466
Саныч,46278,Штраф за нарушение срока передачи товара,известь 4 кг,566189858,"7,12",57625189312,известь 4 кг,,,,,,,5680162473,25005056320260913,3134632643465
Саныч,46278,Штраф за нарушение срока передачи товара,известь 4 кг,566189858,"0,39",57626482188,известь 4 кг,,,,,,,5682554634,25005056320260913,3134632643464
Саныч,46278,Штраф за нарушение срока передачи товара,известь 4 кг,566189858,"1,45",57628154292,известь 4 кг,,,,,,,5682191725,25005056320260913,3134632643463
Саныч,46278,Штраф за нарушение срока передачи товара,известь 4 кг,566189858,"5,37",57625790761,известь 4 кг,,,,,,,5680752498,25005056320260913,3134632643462
Саныч,46278,Штраф за нарушение срока передачи товара,известь 4 кг,566189858,"1,63",57628089570,известь 4 кг,,,,,,,5682091354,25005056320260913,3134632643461
Саныч,46278,Штраф за нарушение срока передачи товара,известь 4 кг,566189858,"0,29",57628978157,известь 4 кг,,,,,,,5682600589,25005056320260913,3134632643460
Саныч,46278,Штраф за нарушение срока передачи товара,мел 2кг,769654698,"1,50",57626172276,мел 2кг,,,,,,,5681861270,25005056320260913,3134632643459
Саныч,46278,Штраф за нарушение срока передачи товара,известь 4 кг,566189858,"3,88",57625976602,известь 4 кг,,,,,,,5681299295,25005056320260913,3134632643458
Саныч,46278,Штраф за нарушение срока передачи товара,известь 4 кг,566189858,"6,13",57625549142,известь 4 кг,,,,,,,5680489034,25005056320260913,3134632643457
Саныч,46278,Штраф за нарушение срока передачи товара,известь 4 кг,566189858,"0,76",57626434860,известь 4 кг,,,,,,,5682419653,25005056320260913,3134632643456
Саныч,46278,Штраф за нарушение срока передачи товара,известь 2 кг,566189857,"1,46",57628007605,известь 2 кг,,,,,,,5681961481,25005056320260913,3134632643455
Саныч,46278,Штраф за нарушение срока передачи товара,известь 4 кг,566189858,"1,41",57626366345,известь 4 кг,,,,,,,5682211589,25005056320260913,3134632643454
Саныч,46278,Штраф за нарушение срока передачи товара,известь 6 кг,566189859,"2,95",57626265846,известь 6 кг,,,,,,,5681914097,25005056320260913,3134632643453
Саныч,46278,Штраф за нарушение срока передачи товара,известь 4 кг,566189858,"3,78",57625973490,известь 4 кг,,,,,,,5681289795,25005056320260913,3134632643452
Саныч,46278,Штраф за нарушение срока передачи товара,мел 2кг,769654698,"3,85",57625656601,мел 2кг,,,,,,,5680606202,25005056320260913,3134632643451
Саныч,46278,Штраф за нарушение срока передачи товара,мел 2кг,769654698,"2,99",57625893580,мел 2кг,,,,,,,5681045311,25005056320260913,3134632643450
Саныч,46278,Штраф за нарушение срока передачи товара,известь 4 кг,566189858,"7,12",57625162931,известь 4 кг,,,,,,,5680133732,25005056320260913,3134632643449
Саныч,46278,Штраф за нарушение срока передачи товара,известь 4 кг,566189858,"5,61",57625726073,известь 4 кг,,,,,,,5680681733,25005056320260913,3134632643448
Саныч,46278,Штраф за нарушение срока передачи товара,лоток кр 12 п4,1182684321,"1184,00",57479650736,лоток кр 12 п4,,,,,,,5641325274,25005056320260913,3134632643447
Саныч,46278,Штраф за нарушение срока передачи товара,известь 4 кг,566189858,"4,75",57627382488,известь 4 кг,,,,,,,5680967877,25005056320260913,3134632643446
Саныч,46278,Штраф за нарушение срока передачи товара,известь 4 кг,566189858,"4,94",57627361790,известь 4 кг,,,,,,,5680934438,25005056320260913,3134632643445
Саныч,46278,Штраф за нарушение срока передачи товара,мел 4кг,769654699,"4,31",57627449566,мел 4кг,,,,,,,5681072012,25005056320260913,3134632643444
Саныч,46278,Штраф за нарушение срока передачи товара,известь 4 кг,566189858,"5,07",57627303807,известь 4 кг,,,,,,,5680842793,25005056320260913,3134632643443
Саныч,46278,Штраф за нарушение срока передачи товара,известь 4 кг,566189858,"3,04",57626079915,известь 4 кг,,,,,,,5681584670,25005056320260913,3134632643442
Саныч,46278,Штраф за нарушение срока передачи товара,известь 2 кг,566189857,"5,58",57625080897,известь 2 кг,,,,,,,5680043568,25005056320260913,3134632643441
Саныч,46278,Штраф за нарушение срока передачи товара,известь 4 кг,566189858,"3,11",57626079921,известь 4 кг,,,,,,,5681584671,25005056320260913,3134632643440
Саныч,46278,Штраф за нарушение срока передачи товара,известь 4 кг,566189858,"2,96",57626086969,известь 4 кг,,,,,,,5681605281,25005056320260913,3134632643439
Саныч,46278,Штраф за нарушение срока передачи товара,известь 4 кг,566189858,"3,58",57626013302,известь 4 кг,,,,,,,5681401917,25005056320260913,3134632643438
Саныч,46278,Штраф за нарушение срока передачи товара,известь 10 кг,566189860,"8,84",57625647050,известь 10 кг,,,,,,,5680595571,25005056320260913,3134632643437
Саныч,46278,Штраф за нарушение срока передачи товара,известь 10 кг,566189860,"13,64",57624887275,известь 10 кг,,,,,,,5679830948,25005056320260913,3134632643436
Саныч,46278,Штраф за нарушение срока передачи товара,известь 10 кг,566189860,"10,34",57625380422,известь 10 кг,,,,,,,5680305101,25005056320260913,3134632643435
Саныч,46278,Штраф за нарушение срока передачи товара,известь 10 кг,566189860,"6,04",57627454447,известь 10 кг,,,,,,,5681079612,25005056320260913,3134632643434
Саныч,46278,Штраф за нарушение срока передачи товара,известь 10 кг,566189860,"8,64",57625664955,известь 10 кг,,,,,,,5680615606,25005056320260913,3134632643433
Саныч,46278,Штраф МП. Невыполненный заказ (отмена продавцом),грабли 1шт 22зуб мет (с черенком),1275035965,"366,53",57265271339,грабли 1шт 22зуб мет (с черенком),,,,,,,5605107056,25005056320260913,3134632643432
Саныч,46278,Штраф МП. Невыполненный заказ,ведро 12л 1шт,1120558429,"94,76",57184996373,ведро 12л 1шт,,,,,,,5585055729,25005056320260913,3134632643431
AIR,46278,Платное хранение возвратов на ПВЗ более 3 дней,вазон 6л черный,316465164,"10,00",41192470020,вазон 6л черный,,,,,,,0,95361120260913,3134663574498
AIR,46278,Платное хранение возвратов на ПВЗ более 3 дней,вазон 17л черный,316464156,"10,00",33856402463,вазон 17л черный,,,,,,,0,95361120260913,3134663574497
AIR,46278,Платное хранение возвратов на ПВЗ более 3 дней,вазон 17л черный,316464156,"10,00",51369090219,вазон 17л черный,,,,,,,0,95361120260913,3134663574496
AIR,46278,Платное хранение возвратов на ПВЗ более 3 дней,вазон 2шт черные 17л,326579192,"30,00",41182982272,вазон 2шт черные 17л,,,,,,,0,95361120260913,3134663574495
AIR,46278,Платное хранение возвратов на ПВЗ более 3 дней,вазон 6л черный,316465164,"20,00",34237168971,вазон 6л черный,,,,,,,0,95361120260913,3134663574494
AIR,46278,Платное хранение возвратов на ПВЗ более 3 дней,ваза 6л черный,327126800,"10,00",39488018969,ваза 6л черный,,,,,,,0,95361120260913,3134663574493
AIR,46278,Платное хранение возвратов на ПВЗ более 3 дней,вазон 6л белый,316465300,"20,00",31497580063,вазон 6л белый,,,,,,,0,95361120260913,3134663574492
AIR,46278,Платное хранение возвратов на ПВЗ более 3 дней,вазон 6л черный,316465164,"30,00",43200696160,вазон 6л черный,,,,,,,0,95361120260913,3134663574491
AIR,46278,Платное хранение возвратов на ПВЗ более 3 дней,вазон 17л белая,341780485,"40,00",35542140236,вазон 17л белая,,,,,,,0,95361120260913,3134663574490
AIR,46278,Платное хранение возвратов на ПВЗ более 3 дней,ваза 6л черный,327126800,"10,00",35995491951,ваза 6л черный,,,,,,,0,95361120260913,3134663574489
AIR,46278,Платное хранение возвратов на ПВЗ более 3 дней,вазон 6л черный,316465164,"30,00",38796518815,вазон 6л черный,,,,,,,0,95361120260913,3134663574488
AIR,46278,Платное хранение возвратов на ПВЗ более 3 дней,кашпо бел 3л 4 шт,1274995514,"10,00",48025462636,кашпо бел 3л 4 шт,,,,,,,0,95361120260913,3134663574487
AIR,46278,Платное хранение возвратов на ПВЗ более 3 дней,вазон 6л черный,316465164,"30,00",41088885224,вазон 6л черный,,,,,,,0,95361120260913,3134663574486
AIR,46278,Платное хранение возвратов на ПВЗ более 3 дней,"вазон 4,5л черный",341468537,"40,00",48085100711,"вазон 4,5л черный",,,,,,,0,95361120260913,3134663574485
AIR,46278,Платное хранение возвратов на ПВЗ более 3 дней,вазон 6л черный,316465164,"20,00",33102958935,вазон 6л черный,,,,,,,0,95361120260913,3134663574484
AIR,46278,Платное хранение возвратов на ПВЗ более 3 дней,3шт -вазон 12л коричневый,397001517,"30,00",41216005956,3шт -вазон 12л коричневый,,,,,,,0,95361120260913,3134663574483
AIR,46278,Платное хранение возвратов на ПВЗ более 3 дней,вазон 22л коричневый,771965779,"20,00",34221970347,вазон 22л коричневый,,,,,,,0,95361120260913,3134663574482
AIR,46278,Платное хранение возвратов на ПВЗ более 3 дней,"вазон 4,5л черный",341468537,"40,00",48085100707,"вазон 4,5л черный",,,,,,,0,95361120260913,3134663574481
AIR,46278,Платное хранение возвратов на ПВЗ более 3 дней,ваза 6л черный,327126800,"30,00",40992340664,ваза 6л черный,,,,,,,0,95361120260913,3134663574480
AIR,46278,Платное хранение возвратов на ПВЗ более 3 дней,вазон 2шт черные 17л,326579192,"30,00",41262084753,вазон 2шт черные 17л,,,,,,,0,95361120260913,3134663574479
AIR,46278,Штраф за нарушение срока передачи товара,ветошь 10 кг 20x30,313544950,"53,77",57628120501,ветошь 10 кг 20x30,,,,,,,5682139281,95361120260913,3134663574476
Саныч,46277,Штраф за нарушение срока передачи товара,известь 6кг + ведро оцинк 12л,1515740423,"3,87",57620498622,известь 6кг + ведро оцинк 12л,,,,,,,5675733570,25005056320260912,3134588867832
Саныч,46277,Штраф за нарушение срока передачи товара,известь 20кг + ведро оцинк 15л,1515740425,"1,73",57622486956,известь 20кг + ведро оцинк 15л,,,,,,,5677339237,25005056320260912,3134588867831
Саныч,46277,Штраф за нарушение срока передачи товара,известь 6кг + ведро оцинк 12л,1515740423,"1,67",57622120970,известь 6кг + ведро оцинк 12л,,,,,,,5676889065,25005056320260912,3134588867830
Саныч,46277,Штраф за нарушение срока передачи товара,известь 6кг + ведро оцинк 12л,1515740423,"6,95",57619319187,известь 6кг + ведро оцинк 12л,,,,,,,5674531082,25005056320260912,3134588867829
Саныч,46277,Штраф за нарушение срока передачи товара,известь 10 кг,566189860,"0,36",57620274640,известь 10 кг,,,,,,,5675479780,25005056320260912,3134588867828
